"Any","Codi_Districte","Nom_Districte","Codi_Barri","Nom_Barri","Sexe","Nivell_academic","Nombre"
2018,1,"Ciutat Vella",1,"el Raval","Home","Sense estudis",235
2018,1,"Ciutat Vella",2,"el Barri Gòtic","Home","Sense estudis",84
2018,1,"Ciutat Vella",3,"la Barceloneta","Home","Sense estudis",132
2018,1,"Ciutat Vella",4,"Sant Pere, Santa Caterina i la Ribera","Home","Sense estudis",93
2018,2,"Eixample",5,"el Fort Pienc","Home","Sense estudis",108
2018,2,"Eixample",6,"la Sagrada Família","Home","Sense estudis",227
2018,2,"Eixample",7,"la Dreta de l'Eixample","Home","Sense estudis",56
2018,2,"Eixample",8,"l'Antiga Esquerra de l'Eixample","Home","Sense estudis",98
2018,2,"Eixample",9,"la Nova Esquerra de l'Eixample","Home","Sense estudis",162
2018,2,"Eixample",10,"Sant Antoni","Home","Sense estudis",163
2018,3,"Sants-Montjuïc",11,"el Poble Sec","Home","Sense estudis",224
2018,3,"Sants-Montjuïc",12,"la Marina del Prat Vermell","Home","Sense estudis",14
2018,3,"Sants-Montjuïc",13,"la Marina de Port","Home","Sense estudis",273
2018,3,"Sants-Montjuïc",14,"la Font de la Guatlla","Home","Sense estudis",75
2018,3,"Sants-Montjuïc",15,"Hostafrancs","Home","Sense estudis",96
2018,3,"Sants-Montjuïc",16,"la Bordeta","Home","Sense estudis",143
2018,3,"Sants-Montjuïc",17,"Sants - Badal","Home","Sense estudis",193
2018,3,"Sants-Montjuïc",18,"Sants","Home","Sense estudis",244
2018,4,"Les Corts",19,"les Corts","Home","Sense estudis",145
2018,4,"Les Corts",20,"la Maternitat i Sant Ramon","Home","Sense estudis",126
2018,4,"Les Corts",21,"Pedralbes","Home","Sense estudis",10
2018,5,"Sarrià-Sant Gervasi",22,"Vallvidrera, el Tibidabo i les Planes","Home","Sense estudis",10
2018,5,"Sarrià-Sant Gervasi",23,"Sarrià","Home","Sense estudis",38
2018,5,"Sarrià-Sant Gervasi",24,"les Tres Torres","Home","Sense estudis",11
2018,5,"Sarrià-Sant Gervasi",25,"Sant Gervasi - la Bonanova","Home","Sense estudis",15
2018,5,"Sarrià-Sant Gervasi",26,"Sant Gervasi - Galvany","Home","Sense estudis",34
2018,5,"Sarrià-Sant Gervasi",27,"el Putxet i el Farró","Home","Sense estudis",42
2018,6,"Gràcia",28,"Vallcarca i els Penitents","Home","Sense estudis",69
2018,6,"Gràcia",29,"el Coll","Home","Sense estudis",51
2018,6,"Gràcia",30,"la Salut","Home","Sense estudis",43
2018,6,"Gràcia",31,"la Vila de Gràcia","Home","Sense estudis",172
2018,6,"Gràcia",32,"el Camp d'en Grassot i Gràcia Nova","Home","Sense estudis",123
2018,7,"Horta-Guinardó",33,"el Baix Guinardó","Home","Sense estudis",162
2018,7,"Horta-Guinardó",34,"Can Baró","Home","Sense estudis",68
2018,7,"Horta-Guinardó",35,"el Guinardó","Home","Sense estudis",200
2018,7,"Horta-Guinardó",36,"la Font d'en Fargues","Home","Sense estudis",43
2018,7,"Horta-Guinardó",37,"el Carmel","Home","Sense estudis",485
2018,7,"Horta-Guinardó",38,"la Teixonera","Home","Sense estudis",139
2018,7,"Horta-Guinardó",39,"Sant Genís dels Agudells","Home","Sense estudis",109
2018,7,"Horta-Guinardó",40,"Montbau","Home","Sense estudis",74
2018,7,"Horta-Guinardó",41,"la Vall d'Hebron","Home","Sense estudis",39
2018,7,"Horta-Guinardó",42,"la Clota","Home","Sense estudis",8
2018,7,"Horta-Guinardó",43,"Horta","Home","Sense estudis",275
2018,8,"Nou Barris",44,"Vilapicina i la Torre Llobeta","Home","Sense estudis",237
2018,8,"Nou Barris",45,"Porta","Home","Sense estudis",342
2018,8,"Nou Barris",46,"el Turó de la Peira","Home","Sense estudis",209
2018,8,"Nou Barris",47,"Can Peguera","Home","Sense estudis",21
2018,8,"Nou Barris",48,"la Guineueta","Home","Sense estudis",170
2018,8,"Nou Barris",49,"Canyelles","Home","Sense estudis",93
2018,8,"Nou Barris",50,"les Roquetes","Home","Sense estudis",210
2018,8,"Nou Barris",51,"Verdun","Home","Sense estudis",187
2018,8,"Nou Barris",52,"la Prosperitat","Home","Sense estudis",442
2018,8,"Nou Barris",53,"la Trinitat Nova","Home","Sense estudis",64
2018,8,"Nou Barris",54,"Torre Baró","Home","Sense estudis",28
2018,8,"Nou Barris",55,"Ciutat Meridiana","Home","Sense estudis",112
2018,8,"Nou Barris",56,"Vallbona","Home","Sense estudis",17
2018,9,"Sant Andreu",57,"la Trinitat Vella","Home","Sense estudis",110
2018,9,"Sant Andreu",58,"Baró de Viver","Home","Sense estudis",21
2018,9,"Sant Andreu",59,"el Bon Pastor","Home","Sense estudis",121
2018,9,"Sant Andreu",60,"Sant Andreu","Home","Sense estudis",339
2018,9,"Sant Andreu",61,"la Sagrera","Home","Sense estudis",202
2018,9,"Sant Andreu",62,"el Congrés i els Indians","Home","Sense estudis",95
2018,9,"Sant Andreu",63,"Navas","Home","Sense estudis",129
2018,10,"Sant Martí",64,"el Camp de l'Arpa del Clot","Home","Sense estudis",204
2018,10,"Sant Martí",65,"el Clot","Home","Sense estudis",151
2018,10,"Sant Martí",66,"el Parc i la Llacuna del Poblenou","Home","Sense estudis",63
2018,10,"Sant Martí",67,"la Vila Olímpica del Poblenou","Home","Sense estudis",10
2018,10,"Sant Martí",68,"el Poblenou","Home","Sense estudis",167
2018,10,"Sant Martí",69,"Diagonal Mar i el Front Marítim del Poblenou","Home","Sense estudis",81
2018,10,"Sant Martí",70,"el Besòs i el Maresme","Home","Sense estudis",310
2018,10,"Sant Martí",71,"Provençals del Poblenou","Home","Sense estudis",157
2018,10,"Sant Martí",72,"Sant Martí de Provençals","Home","Sense estudis",236
2018,10,"Sant Martí",73,"la Verneda i la Pau","Home","Sense estudis",381
2018,1,"Ciutat Vella",1,"el Raval","Home","Estudis primaris / certificat d'escolaritat / EGB",6795
2018,1,"Ciutat Vella",2,"el Barri Gòtic","Home","Estudis primaris / certificat d'escolaritat / EGB",1787
2018,1,"Ciutat Vella",3,"la Barceloneta","Home","Estudis primaris / certificat d'escolaritat / EGB",1477
2018,1,"Ciutat Vella",4,"Sant Pere, Santa Caterina i la Ribera","Home","Estudis primaris / certificat d'escolaritat / EGB",1830
2018,2,"Eixample",5,"el Fort Pienc","Home","Estudis primaris / certificat d'escolaritat / EGB",1478
2018,2,"Eixample",6,"la Sagrada Família","Home","Estudis primaris / certificat d'escolaritat / EGB",2333
2018,2,"Eixample",7,"la Dreta de l'Eixample","Home","Estudis primaris / certificat d'escolaritat / EGB",1067
2018,2,"Eixample",8,"l'Antiga Esquerra de l'Eixample","Home","Estudis primaris / certificat d'escolaritat / EGB",1202
2018,2,"Eixample",9,"la Nova Esquerra de l'Eixample","Home","Estudis primaris / certificat d'escolaritat / EGB",2127
2018,2,"Eixample",10,"Sant Antoni","Home","Estudis primaris / certificat d'escolaritat / EGB",2030
2018,3,"Sants-Montjuïc",11,"el Poble Sec","Home","Estudis primaris / certificat d'escolaritat / EGB",3860
2018,3,"Sants-Montjuïc",12,"la Marina del Prat Vermell","Home","Estudis primaris / certificat d'escolaritat / EGB",201
2018,3,"Sants-Montjuïc",13,"la Marina de Port","Home","Estudis primaris / certificat d'escolaritat / EGB",3261
2018,3,"Sants-Montjuïc",14,"la Font de la Guatlla","Home","Estudis primaris / certificat d'escolaritat / EGB",664
2018,3,"Sants-Montjuïc",15,"Hostafrancs","Home","Estudis primaris / certificat d'escolaritat / EGB",1222
2018,3,"Sants-Montjuïc",16,"la Bordeta","Home","Estudis primaris / certificat d'escolaritat / EGB",1394
2018,3,"Sants-Montjuïc",17,"Sants - Badal","Home","Estudis primaris / certificat d'escolaritat / EGB",1872
2018,3,"Sants-Montjuïc",18,"Sants","Home","Estudis primaris / certificat d'escolaritat / EGB",2605
2018,4,"Les Corts",19,"les Corts","Home","Estudis primaris / certificat d'escolaritat / EGB",1545
2018,4,"Les Corts",20,"la Maternitat i Sant Ramon","Home","Estudis primaris / certificat d'escolaritat / EGB",1056
2018,4,"Les Corts",21,"Pedralbes","Home","Estudis primaris / certificat d'escolaritat / EGB",165
2018,5,"Sarrià-Sant Gervasi",22,"Vallvidrera, el Tibidabo i les Planes","Home","Estudis primaris / certificat d'escolaritat / EGB",165
2018,5,"Sarrià-Sant Gervasi",23,"Sarrià","Home","Estudis primaris / certificat d'escolaritat / EGB",505
2018,5,"Sarrià-Sant Gervasi",24,"les Tres Torres","Home","Estudis primaris / certificat d'escolaritat / EGB",186
2018,5,"Sarrià-Sant Gervasi",25,"Sant Gervasi - la Bonanova","Home","Estudis primaris / certificat d'escolaritat / EGB",436
2018,5,"Sarrià-Sant Gervasi",26,"Sant Gervasi - Galvany","Home","Estudis primaris / certificat d'escolaritat / EGB",632
2018,5,"Sarrià-Sant Gervasi",27,"el Putxet i el Farró","Home","Estudis primaris / certificat d'escolaritat / EGB",494
2018,6,"Gràcia",28,"Vallcarca i els Penitents","Home","Estudis primaris / certificat d'escolaritat / EGB",567
2018,6,"Gràcia",29,"el Coll","Home","Estudis primaris / certificat d'escolaritat / EGB",430
2018,6,"Gràcia",30,"la Salut","Home","Estudis primaris / certificat d'escolaritat / EGB",530
2018,6,"Gràcia",31,"la Vila de Gràcia","Home","Estudis primaris / certificat d'escolaritat / EGB",2094
2018,6,"Gràcia",32,"el Camp d'en Grassot i Gràcia Nova","Home","Estudis primaris / certificat d'escolaritat / EGB",1243
2018,7,"Horta-Guinardó",33,"el Baix Guinardó","Home","Estudis primaris / certificat d'escolaritat / EGB",1250
2018,7,"Horta-Guinardó",34,"Can Baró","Home","Estudis primaris / certificat d'escolaritat / EGB",651
2018,7,"Horta-Guinardó",35,"el Guinardó","Home","Estudis primaris / certificat d'escolaritat / EGB",1981
2018,7,"Horta-Guinardó",36,"la Font d'en Fargues","Home","Estudis primaris / certificat d'escolaritat / EGB",423
2018,7,"Horta-Guinardó",37,"el Carmel","Home","Estudis primaris / certificat d'escolaritat / EGB",3272
2018,7,"Horta-Guinardó",38,"la Teixonera","Home","Estudis primaris / certificat d'escolaritat / EGB",1086
2018,7,"Horta-Guinardó",39,"Sant Genís dels Agudells","Home","Estudis primaris / certificat d'escolaritat / EGB",613
2018,7,"Horta-Guinardó",40,"Montbau","Home","Estudis primaris / certificat d'escolaritat / EGB",313
2018,7,"Horta-Guinardó",41,"la Vall d'Hebron","Home","Estudis primaris / certificat d'escolaritat / EGB",351
2018,7,"Horta-Guinardó",42,"la Clota","Home","Estudis primaris / certificat d'escolaritat / EGB",56
2018,7,"Horta-Guinardó",43,"Horta","Home","Estudis primaris / certificat d'escolaritat / EGB",2117
2018,8,"Nou Barris",44,"Vilapicina i la Torre Llobeta","Home","Estudis primaris / certificat d'escolaritat / EGB",1806
2018,8,"Nou Barris",45,"Porta","Home","Estudis primaris / certificat d'escolaritat / EGB",2329
2018,8,"Nou Barris",46,"el Turó de la Peira","Home","Estudis primaris / certificat d'escolaritat / EGB",1470
2018,8,"Nou Barris",47,"Can Peguera","Home","Estudis primaris / certificat d'escolaritat / EGB",271
2018,8,"Nou Barris",48,"la Guineueta","Home","Estudis primaris / certificat d'escolaritat / EGB",1249
2018,8,"Nou Barris",49,"Canyelles","Home","Estudis primaris / certificat d'escolaritat / EGB",796
2018,8,"Nou Barris",50,"les Roquetes","Home","Estudis primaris / certificat d'escolaritat / EGB",2052
2018,8,"Nou Barris",51,"Verdun","Home","Estudis primaris / certificat d'escolaritat / EGB",1379
2018,8,"Nou Barris",52,"la Prosperitat","Home","Estudis primaris / certificat d'escolaritat / EGB",2834
2018,8,"Nou Barris",53,"la Trinitat Nova","Home","Estudis primaris / certificat d'escolaritat / EGB",923
2018,8,"Nou Barris",54,"Torre Baró","Home","Estudis primaris / certificat d'escolaritat / EGB",413
2018,8,"Nou Barris",55,"Ciutat Meridiana","Home","Estudis primaris / certificat d'escolaritat / EGB",1485
2018,8,"Nou Barris",56,"Vallbona","Home","Estudis primaris / certificat d'escolaritat / EGB",204
2018,9,"Sant Andreu",57,"la Trinitat Vella","Home","Estudis primaris / certificat d'escolaritat / EGB",1422
2018,9,"Sant Andreu",58,"Baró de Viver","Home","Estudis primaris / certificat d'escolaritat / EGB",338
2018,9,"Sant Andreu",59,"el Bon Pastor","Home","Estudis primaris / certificat d'escolaritat / EGB",1354
2018,9,"Sant Andreu",60,"Sant Andreu","Home","Estudis primaris / certificat d'escolaritat / EGB",3816
2018,9,"Sant Andreu",61,"la Sagrera","Home","Estudis primaris / certificat d'escolaritat / EGB",2010
2018,9,"Sant Andreu",62,"el Congrés i els Indians","Home","Estudis primaris / certificat d'escolaritat / EGB",850
2018,9,"Sant Andreu",63,"Navas","Home","Estudis primaris / certificat d'escolaritat / EGB",1298
2018,10,"Sant Martí",64,"el Camp de l'Arpa del Clot","Home","Estudis primaris / certificat d'escolaritat / EGB",2254
2018,10,"Sant Martí",65,"el Clot","Home","Estudis primaris / certificat d'escolaritat / EGB",1709
2018,10,"Sant Martí",66,"el Parc i la Llacuna del Poblenou","Home","Estudis primaris / certificat d'escolaritat / EGB",917
2018,10,"Sant Martí",67,"la Vila Olímpica del Poblenou","Home","Estudis primaris / certificat d'escolaritat / EGB",206
2018,10,"Sant Martí",68,"el Poblenou","Home","Estudis primaris / certificat d'escolaritat / EGB",1911
2018,10,"Sant Martí",69,"Diagonal Mar i el Front Marítim del Poblenou","Home","Estudis primaris / certificat d'escolaritat / EGB",570
2018,10,"Sant Martí",70,"el Besòs i el Maresme","Home","Estudis primaris / certificat d'escolaritat / EGB",3352
2018,10,"Sant Martí",71,"Provençals del Poblenou","Home","Estudis primaris / certificat d'escolaritat / EGB",1528
2018,10,"Sant Martí",72,"Sant Martí de Provençals","Home","Estudis primaris / certificat d'escolaritat / EGB",2165
2018,10,"Sant Martí",73,"la Verneda i la Pau","Home","Estudis primaris / certificat d'escolaritat / EGB",2947
2018,1,"Ciutat Vella",1,"el Raval","Home","Batxillerat elemental / graduat escolar / ESO / FPI",5586
2018,1,"Ciutat Vella",2,"el Barri Gòtic","Home","Batxillerat elemental / graduat escolar / ESO / FPI",1796
2018,1,"Ciutat Vella",3,"la Barceloneta","Home","Batxillerat elemental / graduat escolar / ESO / FPI",1747
2018,1,"Ciutat Vella",4,"Sant Pere, Santa Caterina i la Ribera","Home","Batxillerat elemental / graduat escolar / ESO / FPI",1926
2018,2,"Eixample",5,"el Fort Pienc","Home","Batxillerat elemental / graduat escolar / ESO / FPI",2447
2018,2,"Eixample",6,"la Sagrada Família","Home","Batxillerat elemental / graduat escolar / ESO / FPI",4079
2018,2,"Eixample",7,"la Dreta de l'Eixample","Home","Batxillerat elemental / graduat escolar / ESO / FPI",2273
2018,2,"Eixample",8,"l'Antiga Esquerra de l'Eixample","Home","Batxillerat elemental / graduat escolar / ESO / FPI",2436
2018,2,"Eixample",9,"la Nova Esquerra de l'Eixample","Home","Batxillerat elemental / graduat escolar / ESO / FPI",3887
2018,2,"Eixample",10,"Sant Antoni","Home","Batxillerat elemental / graduat escolar / ESO / FPI",3208
2018,3,"Sants-Montjuïc",11,"el Poble Sec","Home","Batxillerat elemental / graduat escolar / ESO / FPI",4342
2018,3,"Sants-Montjuïc",12,"la Marina del Prat Vermell","Home","Batxillerat elemental / graduat escolar / ESO / FPI",200
2018,3,"Sants-Montjuïc",13,"la Marina de Port","Home","Batxillerat elemental / graduat escolar / ESO / FPI",3771
2018,3,"Sants-Montjuïc",14,"la Font de la Guatlla","Home","Batxillerat elemental / graduat escolar / ESO / FPI",998
2018,3,"Sants-Montjuïc",15,"Hostafrancs","Home","Batxillerat elemental / graduat escolar / ESO / FPI",1537
2018,3,"Sants-Montjuïc",16,"la Bordeta","Home","Batxillerat elemental / graduat escolar / ESO / FPI",2088
2018,3,"Sants-Montjuïc",17,"Sants - Badal","Home","Batxillerat elemental / graduat escolar / ESO / FPI",2439
2018,3,"Sants-Montjuïc",18,"Sants","Home","Batxillerat elemental / graduat escolar / ESO / FPI",3869
2018,4,"Les Corts",19,"les Corts","Home","Batxillerat elemental / graduat escolar / ESO / FPI",2800
2018,4,"Les Corts",20,"la Maternitat i Sant Ramon","Home","Batxillerat elemental / graduat escolar / ESO / FPI",1665
2018,4,"Les Corts",21,"Pedralbes","Home","Batxillerat elemental / graduat escolar / ESO / FPI",457
2018,5,"Sarrià-Sant Gervasi",22,"Vallvidrera, el Tibidabo i les Planes","Home","Batxillerat elemental / graduat escolar / ESO / FPI",329
2018,5,"Sarrià-Sant Gervasi",23,"Sarrià","Home","Batxillerat elemental / graduat escolar / ESO / FPI",1081
2018,5,"Sarrià-Sant Gervasi",24,"les Tres Torres","Home","Batxillerat elemental / graduat escolar / ESO / FPI",557
2018,5,"Sarrià-Sant Gervasi",25,"Sant Gervasi - la Bonanova","Home","Batxillerat elemental / graduat escolar / ESO / FPI",1032
2018,5,"Sarrià-Sant Gervasi",26,"Sant Gervasi - Galvany","Home","Batxillerat elemental / graduat escolar / ESO / FPI",1791
2018,5,"Sarrià-Sant Gervasi",27,"el Putxet i el Farró","Home","Batxillerat elemental / graduat escolar / ESO / FPI",1348
2018,6,"Gràcia",28,"Vallcarca i els Penitents","Home","Batxillerat elemental / graduat escolar / ESO / FPI",1174
2018,6,"Gràcia",29,"el Coll","Home","Batxillerat elemental / graduat escolar / ESO / FPI",677
2018,6,"Gràcia",30,"la Salut","Home","Batxillerat elemental / graduat escolar / ESO / FPI",899
2018,6,"Gràcia",31,"la Vila de Gràcia","Home","Batxillerat elemental / graduat escolar / ESO / FPI",3254
2018,6,"Gràcia",32,"el Camp d'en Grassot i Gràcia Nova","Home","Batxillerat elemental / graduat escolar / ESO / FPI",2466
2018,7,"Horta-Guinardó",33,"el Baix Guinardó","Home","Batxillerat elemental / graduat escolar / ESO / FPI",2332
2018,7,"Horta-Guinardó",34,"Can Baró","Home","Batxillerat elemental / graduat escolar / ESO / FPI",949
2018,7,"Horta-Guinardó",35,"el Guinardó","Home","Batxillerat elemental / graduat escolar / ESO / FPI",3495
2018,7,"Horta-Guinardó",36,"la Font d'en Fargues","Home","Batxillerat elemental / graduat escolar / ESO / FPI",912
2018,7,"Horta-Guinardó",37,"el Carmel","Home","Batxillerat elemental / graduat escolar / ESO / FPI",4473
2018,7,"Horta-Guinardó",38,"la Teixonera","Home","Batxillerat elemental / graduat escolar / ESO / FPI",1553
2018,7,"Horta-Guinardó",39,"Sant Genís dels Agudells","Home","Batxillerat elemental / graduat escolar / ESO / FPI",837
2018,7,"Horta-Guinardó",40,"Montbau","Home","Batxillerat elemental / graduat escolar / ESO / FPI",526
2018,7,"Horta-Guinardó",41,"la Vall d'Hebron","Home","Batxillerat elemental / graduat escolar / ESO / FPI",556
2018,7,"Horta-Guinardó",42,"la Clota","Home","Batxillerat elemental / graduat escolar / ESO / FPI",79
2018,7,"Horta-Guinardó",43,"Horta","Home","Batxillerat elemental / graduat escolar / ESO / FPI",2817
2018,8,"Nou Barris",44,"Vilapicina i la Torre Llobeta","Home","Batxillerat elemental / graduat escolar / ESO / FPI",2824
2018,8,"Nou Barris",45,"Porta","Home","Batxillerat elemental / graduat escolar / ESO / FPI",3034
2018,8,"Nou Barris",46,"el Turó de la Peira","Home","Batxillerat elemental / graduat escolar / ESO / FPI",1872
2018,8,"Nou Barris",47,"Can Peguera","Home","Batxillerat elemental / graduat escolar / ESO / FPI",309
2018,8,"Nou Barris",48,"la Guineueta","Home","Batxillerat elemental / graduat escolar / ESO / FPI",1843
2018,8,"Nou Barris",49,"Canyelles","Home","Batxillerat elemental / graduat escolar / ESO / FPI",982
2018,8,"Nou Barris",50,"les Roquetes","Home","Batxillerat elemental / graduat escolar / ESO / FPI",2258
2018,8,"Nou Barris",51,"Verdun","Home","Batxillerat elemental / graduat escolar / ESO / FPI",1699
2018,8,"Nou Barris",52,"la Prosperitat","Home","Batxillerat elemental / graduat escolar / ESO / FPI",3601
2018,8,"Nou Barris",53,"la Trinitat Nova","Home","Batxillerat elemental / graduat escolar / ESO / FPI",1093
2018,8,"Nou Barris",54,"Torre Baró","Home","Batxillerat elemental / graduat escolar / ESO / FPI",406
2018,8,"Nou Barris",55,"Ciutat Meridiana","Home","Batxillerat elemental / graduat escolar / ESO / FPI",1544
2018,8,"Nou Barris",56,"Vallbona","Home","Batxillerat elemental / graduat escolar / ESO / FPI",206
2018,9,"Sant Andreu",57,"la Trinitat Vella","Home","Batxillerat elemental / graduat escolar / ESO / FPI",1470
2018,9,"Sant Andreu",58,"Baró de Viver","Home","Batxillerat elemental / graduat escolar / ESO / FPI",397
2018,9,"Sant Andreu",59,"el Bon Pastor","Home","Batxillerat elemental / graduat escolar / ESO / FPI",1772
2018,9,"Sant Andreu",60,"Sant Andreu","Home","Batxillerat elemental / graduat escolar / ESO / FPI",6091
2018,9,"Sant Andreu",61,"la Sagrera","Home","Batxillerat elemental / graduat escolar / ESO / FPI",3185
2018,9,"Sant Andreu",62,"el Congrés i els Indians","Home","Batxillerat elemental / graduat escolar / ESO / FPI",1509
2018,9,"Sant Andreu",63,"Navas","Home","Batxillerat elemental / graduat escolar / ESO / FPI",2252
2018,10,"Sant Martí",64,"el Camp de l'Arpa del Clot","Home","Batxillerat elemental / graduat escolar / ESO / FPI",3747
2018,10,"Sant Martí",65,"el Clot","Home","Batxillerat elemental / graduat escolar / ESO / FPI",2873
2018,10,"Sant Martí",66,"el Parc i la Llacuna del Poblenou","Home","Batxillerat elemental / graduat escolar / ESO / FPI",1406
2018,10,"Sant Martí",67,"la Vila Olímpica del Poblenou","Home","Batxillerat elemental / graduat escolar / ESO / FPI",498
2018,10,"Sant Martí",68,"el Poblenou","Home","Batxillerat elemental / graduat escolar / ESO / FPI",3051
2018,10,"Sant Martí",69,"Diagonal Mar i el Front Marítim del Poblenou","Home","Batxillerat elemental / graduat escolar / ESO / FPI",1035
2018,10,"Sant Martí",70,"el Besòs i el Maresme","Home","Batxillerat elemental / graduat escolar / ESO / FPI",3217
2018,10,"Sant Martí",71,"Provençals del Poblenou","Home","Batxillerat elemental / graduat escolar / ESO / FPI",2358
2018,10,"Sant Martí",72,"Sant Martí de Provençals","Home","Batxillerat elemental / graduat escolar / ESO / FPI",3094
2018,10,"Sant Martí",73,"la Verneda i la Pau","Home","Batxillerat elemental / graduat escolar / ESO / FPI",3733
2018,1,"Ciutat Vella",1,"el Raval","Home","Batxillerat superior / BUP / COU / FPII / CFGM grau mitjà",4064
2018,1,"Ciutat Vella",2,"el Barri Gòtic","Home","Batxillerat superior / BUP / COU / FPII / CFGM grau mitjà",1830
2018,1,"Ciutat Vella",3,"la Barceloneta","Home","Batxillerat superior / BUP / COU / FPII / CFGM grau mitjà",1507
2018,1,"Ciutat Vella",4,"Sant Pere, Santa Caterina i la Ribera","Home","Batxillerat superior / BUP / COU / FPII / CFGM grau mitjà",2267
2018,2,"Eixample",5,"el Fort Pienc","Home","Batxillerat superior / BUP / COU / FPII / CFGM grau mitjà",3868
2018,2,"Eixample",6,"la Sagrada Família","Home","Batxillerat superior / BUP / COU / FPII / CFGM grau mitjà",6041
2018,2,"Eixample",7,"la Dreta de l'Eixample","Home","Batxillerat superior / BUP / COU / FPII / CFGM grau mitjà",4680
2018,2,"Eixample",8,"l'Antiga Esquerra de l'Eixample","Home","Batxillerat superior / BUP / COU / FPII / CFGM grau mitjà",4963
2018,2,"Eixample",9,"la Nova Esquerra de l'Eixample","Home","Batxillerat superior / BUP / COU / FPII / CFGM grau mitjà",6880
2018,2,"Eixample",10,"Sant Antoni","Home","Batxillerat superior / BUP / COU / FPII / CFGM grau mitjà",4591
2018,3,"Sants-Montjuïc",11,"el Poble Sec","Home","Batxillerat superior / BUP / COU / FPII / CFGM grau mitjà",4114
2018,3,"Sants-Montjuïc",12,"la Marina del Prat Vermell","Home","Batxillerat superior / BUP / COU / FPII / CFGM grau mitjà",63
2018,3,"Sants-Montjuïc",13,"la Marina de Port","Home","Batxillerat superior / BUP / COU / FPII / CFGM grau mitjà",3099
2018,3,"Sants-Montjuïc",14,"la Font de la Guatlla","Home","Batxillerat superior / BUP / COU / FPII / CFGM grau mitjà",1219
2018,3,"Sants-Montjuïc",15,"Hostafrancs","Home","Batxillerat superior / BUP / COU / FPII / CFGM grau mitjà",1724
2018,3,"Sants-Montjuïc",16,"la Bordeta","Home","Batxillerat superior / BUP / COU / FPII / CFGM grau mitjà",2249
2018,3,"Sants-Montjuïc",17,"Sants - Badal","Home","Batxillerat superior / BUP / COU / FPII / CFGM grau mitjà",2672
2018,3,"Sants-Montjuïc",18,"Sants","Home","Batxillerat superior / BUP / COU / FPII / CFGM grau mitjà",4709
2018,4,"Les Corts",19,"les Corts","Home","Batxillerat superior / BUP / COU / FPII / CFGM grau mitjà",5337
2018,4,"Les Corts",20,"la Maternitat i Sant Ramon","Home","Batxillerat superior / BUP / COU / FPII / CFGM grau mitjà",2724
2018,4,"Les Corts",21,"Pedralbes","Home","Batxillerat superior / BUP / COU / FPII / CFGM grau mitjà",1168
2018,5,"Sarrià-Sant Gervasi",22,"Vallvidrera, el Tibidabo i les Planes","Home","Batxillerat superior / BUP / COU / FPII / CFGM grau mitjà",530
2018,5,"Sarrià-Sant Gervasi",23,"Sarrià","Home","Batxillerat superior / BUP / COU / FPII / CFGM grau mitjà",2485
2018,5,"Sarrià-Sant Gervasi",24,"les Tres Torres","Home","Batxillerat superior / BUP / COU / FPII / CFGM grau mitjà",1697
2018,5,"Sarrià-Sant Gervasi",25,"Sant Gervasi - la Bonanova","Home","Batxillerat superior / BUP / COU / FPII / CFGM grau mitjà",2817
2018,5,"Sarrià-Sant Gervasi",26,"Sant Gervasi - Galvany","Home","Batxillerat superior / BUP / COU / FPII / CFGM grau mitjà",4871
2018,5,"Sarrià-Sant Gervasi",27,"el Putxet i el Farró","Home","Batxillerat superior / BUP / COU / FPII / CFGM grau mitjà",3301
2018,6,"Gràcia",28,"Vallcarca i els Penitents","Home","Batxillerat superior / BUP / COU / FPII / CFGM grau mitjà",1798
2018,6,"Gràcia",29,"el Coll","Home","Batxillerat superior / BUP / COU / FPII / CFGM grau mitjà",843
2018,6,"Gràcia",30,"la Salut","Home","Batxillerat superior / BUP / COU / FPII / CFGM grau mitjà",1568
2018,6,"Gràcia",31,"la Vila de Gràcia","Home","Batxillerat superior / BUP / COU / FPII / CFGM grau mitjà",5490
2018,6,"Gràcia",32,"el Camp d'en Grassot i Gràcia Nova","Home","Batxillerat superior / BUP / COU / FPII / CFGM grau mitjà",4127
2018,7,"Horta-Guinardó",33,"el Baix Guinardó","Home","Batxillerat superior / BUP / COU / FPII / CFGM grau mitjà",3144
2018,7,"Horta-Guinardó",34,"Can Baró","Home","Batxillerat superior / BUP / COU / FPII / CFGM grau mitjà",1024
2018,7,"Horta-Guinardó",35,"el Guinardó","Home","Batxillerat superior / BUP / COU / FPII / CFGM grau mitjà",4618
2018,7,"Horta-Guinardó",36,"la Font d'en Fargues","Home","Batxillerat superior / BUP / COU / FPII / CFGM grau mitjà",1184
2018,7,"Horta-Guinardó",37,"el Carmel","Home","Batxillerat superior / BUP / COU / FPII / CFGM grau mitjà",2881
2018,7,"Horta-Guinardó",38,"la Teixonera","Home","Batxillerat superior / BUP / COU / FPII / CFGM grau mitjà",1197
2018,7,"Horta-Guinardó",39,"Sant Genís dels Agudells","Home","Batxillerat superior / BUP / COU / FPII / CFGM grau mitjà",722
2018,7,"Horta-Guinardó",40,"Montbau","Home","Batxillerat superior / BUP / COU / FPII / CFGM grau mitjà",581
2018,7,"Horta-Guinardó",41,"la Vall d'Hebron","Home","Batxillerat superior / BUP / COU / FPII / CFGM grau mitjà",708
2018,7,"Horta-Guinardó",42,"la Clota","Home","Batxillerat superior / BUP / COU / FPII / CFGM grau mitjà",68
2018,7,"Horta-Guinardó",43,"Horta","Home","Batxillerat superior / BUP / COU / FPII / CFGM grau mitjà",3048
2018,8,"Nou Barris",44,"Vilapicina i la Torre Llobeta","Home","Batxillerat superior / BUP / COU / FPII / CFGM grau mitjà",3009
2018,8,"Nou Barris",45,"Porta","Home","Batxillerat superior / BUP / COU / FPII / CFGM grau mitjà",2715
2018,8,"Nou Barris",46,"el Turó de la Peira","Home","Batxillerat superior / BUP / COU / FPII / CFGM grau mitjà",1541
2018,8,"Nou Barris",47,"Can Peguera","Home","Batxillerat superior / BUP / COU / FPII / CFGM grau mitjà",163
2018,8,"Nou Barris",48,"la Guineueta","Home","Batxillerat superior / BUP / COU / FPII / CFGM grau mitjà",1676
2018,8,"Nou Barris",49,"Canyelles","Home","Batxillerat superior / BUP / COU / FPII / CFGM grau mitjà",601
2018,8,"Nou Barris",50,"les Roquetes","Home","Batxillerat superior / BUP / COU / FPII / CFGM grau mitjà",1151
2018,8,"Nou Barris",51,"Verdun","Home","Batxillerat superior / BUP / COU / FPII / CFGM grau mitjà",1053
2018,8,"Nou Barris",52,"la Prosperitat","Home","Batxillerat superior / BUP / COU / FPII / CFGM grau mitjà",2461
2018,8,"Nou Barris",53,"la Trinitat Nova","Home","Batxillerat superior / BUP / COU / FPII / CFGM grau mitjà",542
2018,8,"Nou Barris",54,"Torre Baró","Home","Batxillerat superior / BUP / COU / FPII / CFGM grau mitjà",174
2018,8,"Nou Barris",55,"Ciutat Meridiana","Home","Batxillerat superior / BUP / COU / FPII / CFGM grau mitjà",707
2018,8,"Nou Barris",56,"Vallbona","Home","Batxillerat superior / BUP / COU / FPII / CFGM grau mitjà",74
2018,9,"Sant Andreu",57,"la Trinitat Vella","Home","Batxillerat superior / BUP / COU / FPII / CFGM grau mitjà",804
2018,9,"Sant Andreu",58,"Baró de Viver","Home","Batxillerat superior / BUP / COU / FPII / CFGM grau mitjà",160
2018,9,"Sant Andreu",59,"el Bon Pastor","Home","Batxillerat superior / BUP / COU / FPII / CFGM grau mitjà",1102
2018,9,"Sant Andreu",60,"Sant Andreu","Home","Batxillerat superior / BUP / COU / FPII / CFGM grau mitjà",7135
2018,9,"Sant Andreu",61,"la Sagrera","Home","Batxillerat superior / BUP / COU / FPII / CFGM grau mitjà",3563
2018,9,"Sant Andreu",62,"el Congrés i els Indians","Home","Batxillerat superior / BUP / COU / FPII / CFGM grau mitjà",1714
2018,9,"Sant Andreu",63,"Navas","Home","Batxillerat superior / BUP / COU / FPII / CFGM grau mitjà",2782
2018,10,"Sant Martí",64,"el Camp de l'Arpa del Clot","Home","Batxillerat superior / BUP / COU / FPII / CFGM grau mitjà",4793
2018,10,"Sant Martí",65,"el Clot","Home","Batxillerat superior / BUP / COU / FPII / CFGM grau mitjà",3289
2018,10,"Sant Martí",66,"el Parc i la Llacuna del Poblenou","Home","Batxillerat superior / BUP / COU / FPII / CFGM grau mitjà",1768
2018,10,"Sant Martí",67,"la Vila Olímpica del Poblenou","Home","Batxillerat superior / BUP / COU / FPII / CFGM grau mitjà",963
2018,10,"Sant Martí",68,"el Poblenou","Home","Batxillerat superior / BUP / COU / FPII / CFGM grau mitjà",3756
2018,10,"Sant Martí",69,"Diagonal Mar i el Front Marítim del Poblenou","Home","Batxillerat superior / BUP / COU / FPII / CFGM grau mitjà",1405
2018,10,"Sant Martí",70,"el Besòs i el Maresme","Home","Batxillerat superior / BUP / COU / FPII / CFGM grau mitjà",1913
2018,10,"Sant Martí",71,"Provençals del Poblenou","Home","Batxillerat superior / BUP / COU / FPII / CFGM grau mitjà",2315
2018,10,"Sant Martí",72,"Sant Martí de Provençals","Home","Batxillerat superior / BUP / COU / FPII / CFGM grau mitjà",2942
2018,10,"Sant Martí",73,"la Verneda i la Pau","Home","Batxillerat superior / BUP / COU / FPII / CFGM grau mitjà",3004
2018,1,"Ciutat Vella",1,"el Raval","Home","Estudis universitaris / CFGS grau superior",5178
2018,1,"Ciutat Vella",2,"el Barri Gòtic","Home","Estudis universitaris / CFGS grau superior",2830
2018,1,"Ciutat Vella",3,"la Barceloneta","Home","Estudis universitaris / CFGS grau superior",1777
2018,1,"Ciutat Vella",4,"Sant Pere, Santa Caterina i la Ribera","Home","Estudis universitaris / CFGS grau superior",3830
2018,2,"Eixample",5,"el Fort Pienc","Home","Estudis universitaris / CFGS grau superior",5003
2018,2,"Eixample",6,"la Sagrada Família","Home","Estudis universitaris / CFGS grau superior",7722
2018,2,"Eixample",7,"la Dreta de l'Eixample","Home","Estudis universitaris / CFGS grau superior",9217
2018,2,"Eixample",8,"l'Antiga Esquerra de l'Eixample","Home","Estudis universitaris / CFGS grau superior",8327
2018,2,"Eixample",9,"la Nova Esquerra de l'Eixample","Home","Estudis universitaris / CFGS grau superior",10262
2018,2,"Eixample",10,"Sant Antoni","Home","Estudis universitaris / CFGS grau superior",5801
2018,3,"Sants-Montjuïc",11,"el Poble Sec","Home","Estudis universitaris / CFGS grau superior",4151
2018,3,"Sants-Montjuïc",12,"la Marina del Prat Vermell","Home","Estudis universitaris / CFGS grau superior",27
2018,3,"Sants-Montjuïc",13,"la Marina de Port","Home","Estudis universitaris / CFGS grau superior",1693
2018,3,"Sants-Montjuïc",14,"la Font de la Guatlla","Home","Estudis universitaris / CFGS grau superior",1270
2018,3,"Sants-Montjuïc",15,"Hostafrancs","Home","Estudis universitaris / CFGS grau superior",1968
2018,3,"Sants-Montjuïc",16,"la Bordeta","Home","Estudis universitaris / CFGS grau superior",1695
2018,3,"Sants-Montjuïc",17,"Sants - Badal","Home","Estudis universitaris / CFGS grau superior",2450
2018,3,"Sants-Montjuïc",18,"Sants","Home","Estudis universitaris / CFGS grau superior",5204
2018,4,"Les Corts",19,"les Corts","Home","Estudis universitaris / CFGS grau superior",8224
2018,4,"Les Corts",20,"la Maternitat i Sant Ramon","Home","Estudis universitaris / CFGS grau superior",3799
2018,4,"Les Corts",21,"Pedralbes","Home","Estudis universitaris / CFGS grau superior",2675
2018,5,"Sarrià-Sant Gervasi",22,"Vallvidrera, el Tibidabo i les Planes","Home","Estudis universitaris / CFGS grau superior",742
2018,5,"Sarrià-Sant Gervasi",23,"Sarrià","Home","Estudis universitaris / CFGS grau superior",4834
2018,5,"Sarrià-Sant Gervasi",24,"les Tres Torres","Home","Estudis universitaris / CFGS grau superior",3493
2018,5,"Sarrià-Sant Gervasi",25,"Sant Gervasi - la Bonanova","Home","Estudis universitaris / CFGS grau superior",5091
2018,5,"Sarrià-Sant Gervasi",26,"Sant Gervasi - Galvany","Home","Estudis universitaris / CFGS grau superior",9908
2018,5,"Sarrià-Sant Gervasi",27,"el Putxet i el Farró","Home","Estudis universitaris / CFGS grau superior",5788
2018,6,"Gràcia",28,"Vallcarca i els Penitents","Home","Estudis universitaris / CFGS grau superior",2418
2018,6,"Gràcia",29,"el Coll","Home","Estudis universitaris / CFGS grau superior",850
2018,6,"Gràcia",30,"la Salut","Home","Estudis universitaris / CFGS grau superior",2071
2018,6,"Gràcia",31,"la Vila de Gràcia","Home","Estudis universitaris / CFGS grau superior",8457
2018,6,"Gràcia",32,"el Camp d'en Grassot i Gràcia Nova","Home","Estudis universitaris / CFGS grau superior",5511
2018,7,"Horta-Guinardó",33,"el Baix Guinardó","Home","Estudis universitaris / CFGS grau superior",3250
2018,7,"Horta-Guinardó",34,"Can Baró","Home","Estudis universitaris / CFGS grau superior",946
2018,7,"Horta-Guinardó",35,"el Guinardó","Home","Estudis universitaris / CFGS grau superior",4214
2018,7,"Horta-Guinardó",36,"la Font d'en Fargues","Home","Estudis universitaris / CFGS grau superior",1143
2018,7,"Horta-Guinardó",37,"el Carmel","Home","Estudis universitaris / CFGS grau superior",1492
2018,7,"Horta-Guinardó",38,"la Teixonera","Home","Estudis universitaris / CFGS grau superior",759
2018,7,"Horta-Guinardó",39,"Sant Genís dels Agudells","Home","Estudis universitaris / CFGS grau superior",548
2018,7,"Horta-Guinardó",40,"Montbau","Home","Estudis universitaris / CFGS grau superior",445
2018,7,"Horta-Guinardó",41,"la Vall d'Hebron","Home","Estudis universitaris / CFGS grau superior",641
2018,7,"Horta-Guinardó",42,"la Clota","Home","Estudis universitaris / CFGS grau superior",63
2018,7,"Horta-Guinardó",43,"Horta","Home","Estudis universitaris / CFGS grau superior",2230
2018,8,"Nou Barris",44,"Vilapicina i la Torre Llobeta","Home","Estudis universitaris / CFGS grau superior",2087
2018,8,"Nou Barris",45,"Porta","Home","Estudis universitaris / CFGS grau superior",1574
2018,8,"Nou Barris",46,"el Turó de la Peira","Home","Estudis universitaris / CFGS grau superior",810
2018,8,"Nou Barris",47,"Can Peguera","Home","Estudis universitaris / CFGS grau superior",79
2018,8,"Nou Barris",48,"la Guineueta","Home","Estudis universitaris / CFGS grau superior",999
2018,8,"Nou Barris",49,"Canyelles","Home","Estudis universitaris / CFGS grau superior",279
2018,8,"Nou Barris",50,"les Roquetes","Home","Estudis universitaris / CFGS grau superior",504
2018,8,"Nou Barris",51,"Verdun","Home","Estudis universitaris / CFGS grau superior",479
2018,8,"Nou Barris",52,"la Prosperitat","Home","Estudis universitaris / CFGS grau superior",1106
2018,8,"Nou Barris",53,"la Trinitat Nova","Home","Estudis universitaris / CFGS grau superior",206
2018,8,"Nou Barris",54,"Torre Baró","Home","Estudis universitaris / CFGS grau superior",85
2018,8,"Nou Barris",55,"Ciutat Meridiana","Home","Estudis universitaris / CFGS grau superior",257
2018,8,"Nou Barris",56,"Vallbona","Home","Estudis universitaris / CFGS grau superior",40
2018,9,"Sant Andreu",57,"la Trinitat Vella","Home","Estudis universitaris / CFGS grau superior",321
2018,9,"Sant Andreu",58,"Baró de Viver","Home","Estudis universitaris / CFGS grau superior",62
2018,9,"Sant Andreu",59,"el Bon Pastor","Home","Estudis universitaris / CFGS grau superior",590
2018,9,"Sant Andreu",60,"Sant Andreu","Home","Estudis universitaris / CFGS grau superior",5222
2018,9,"Sant Andreu",61,"la Sagrera","Home","Estudis universitaris / CFGS grau superior",2609
2018,9,"Sant Andreu",62,"el Congrés i els Indians","Home","Estudis universitaris / CFGS grau superior",1287
2018,9,"Sant Andreu",63,"Navas","Home","Estudis universitaris / CFGS grau superior",2341
2018,10,"Sant Martí",64,"el Camp de l'Arpa del Clot","Home","Estudis universitaris / CFGS grau superior",4593
2018,10,"Sant Martí",65,"el Clot","Home","Estudis universitaris / CFGS grau superior",2875
2018,10,"Sant Martí",66,"el Parc i la Llacuna del Poblenou","Home","Estudis universitaris / CFGS grau superior",2197
2018,10,"Sant Martí",67,"la Vila Olímpica del Poblenou","Home","Estudis universitaris / CFGS grau superior",1987
2018,10,"Sant Martí",68,"el Poblenou","Home","Estudis universitaris / CFGS grau superior",4304
2018,10,"Sant Martí",69,"Diagonal Mar i el Front Marítim del Poblenou","Home","Estudis universitaris / CFGS grau superior",2045
2018,10,"Sant Martí",70,"el Besòs i el Maresme","Home","Estudis universitaris / CFGS grau superior",986
2018,10,"Sant Martí",71,"Provençals del Poblenou","Home","Estudis universitaris / CFGS grau superior",1890
2018,10,"Sant Martí",72,"Sant Martí de Provençals","Home","Estudis universitaris / CFGS grau superior",1897
2018,10,"Sant Martí",73,"la Verneda i la Pau","Home","Estudis universitaris / CFGS grau superior",1431
2018,1,"Ciutat Vella",1,"el Raval","Home","No consta",357
2018,1,"Ciutat Vella",2,"el Barri Gòtic","Home","No consta",63
2018,1,"Ciutat Vella",3,"la Barceloneta","Home","No consta",101
2018,1,"Ciutat Vella",4,"Sant Pere, Santa Caterina i la Ribera","Home","No consta",127
2018,2,"Eixample",5,"el Fort Pienc","Home","No consta",209
2018,2,"Eixample",6,"la Sagrada Família","Home","No consta",273
2018,2,"Eixample",7,"la Dreta de l'Eixample","Home","No consta",270
2018,2,"Eixample",8,"l'Antiga Esquerra de l'Eixample","Home","No consta",239
2018,2,"Eixample",9,"la Nova Esquerra de l'Eixample","Home","No consta",337
2018,2,"Eixample",10,"Sant Antoni","Home","No consta",210
2018,3,"Sants-Montjuïc",11,"el Poble Sec","Home","No consta",276
2018,3,"Sants-Montjuïc",12,"la Marina del Prat Vermell","Home","No consta",12
2018,3,"Sants-Montjuïc",13,"la Marina de Port","Home","No consta",324
2018,3,"Sants-Montjuïc",14,"la Font de la Guatlla","Home","No consta",59
2018,3,"Sants-Montjuïc",15,"Hostafrancs","Home","No consta",99
2018,3,"Sants-Montjuïc",16,"la Bordeta","Home","No consta",137
2018,3,"Sants-Montjuïc",17,"Sants - Badal","Home","No consta",135
2018,3,"Sants-Montjuïc",18,"Sants","Home","No consta",243
2018,4,"Les Corts",19,"les Corts","Home","No consta",264
2018,4,"Les Corts",20,"la Maternitat i Sant Ramon","Home","No consta",142
2018,4,"Les Corts",21,"Pedralbes","Home","No consta",141
2018,5,"Sarrià-Sant Gervasi",22,"Vallvidrera, el Tibidabo i les Planes","Home","No consta",53
2018,5,"Sarrià-Sant Gervasi",23,"Sarrià","Home","No consta",281
2018,5,"Sarrià-Sant Gervasi",24,"les Tres Torres","Home","No consta",183
2018,5,"Sarrià-Sant Gervasi",25,"Sant Gervasi - la Bonanova","Home","No consta",215
2018,5,"Sarrià-Sant Gervasi",26,"Sant Gervasi - Galvany","Home","No consta",429
2018,5,"Sarrià-Sant Gervasi",27,"el Putxet i el Farró","Home","No consta",238
2018,6,"Gràcia",28,"Vallcarca i els Penitents","Home","No consta",119
2018,6,"Gràcia",29,"el Coll","Home","No consta",56
2018,6,"Gràcia",30,"la Salut","Home","No consta",83
2018,6,"Gràcia",31,"la Vila de Gràcia","Home","No consta",286
2018,6,"Gràcia",32,"el Camp d'en Grassot i Gràcia Nova","Home","No consta",181
2018,7,"Horta-Guinardó",33,"el Baix Guinardó","Home","No consta",139
2018,7,"Horta-Guinardó",34,"Can Baró","Home","No consta",62
2018,7,"Horta-Guinardó",35,"el Guinardó","Home","No consta",227
2018,7,"Horta-Guinardó",36,"la Font d'en Fargues","Home","No consta",72
2018,7,"Horta-Guinardó",37,"el Carmel","Home","No consta",298
2018,7,"Horta-Guinardó",38,"la Teixonera","Home","No consta",107
2018,7,"Horta-Guinardó",39,"Sant Genís dels Agudells","Home","No consta",60
2018,7,"Horta-Guinardó",40,"Montbau","Home","No consta",30
2018,7,"Horta-Guinardó",41,"la Vall d'Hebron","Home","No consta",36
2018,7,"Horta-Guinardó",42,"la Clota","Home","No consta",2
2018,7,"Horta-Guinardó",43,"Horta","Home","No consta",188
2018,8,"Nou Barris",44,"Vilapicina i la Torre Llobeta","Home","No consta",148
2018,8,"Nou Barris",45,"Porta","Home","No consta",158
2018,8,"Nou Barris",46,"el Turó de la Peira","Home","No consta",103
2018,8,"Nou Barris",47,"Can Peguera","Home","No consta",35
2018,8,"Nou Barris",48,"la Guineueta","Home","No consta",94
2018,8,"Nou Barris",49,"Canyelles","Home","No consta",77
2018,8,"Nou Barris",50,"les Roquetes","Home","No consta",144
2018,8,"Nou Barris",51,"Verdun","Home","No consta",98
2018,8,"Nou Barris",52,"la Prosperitat","Home","No consta",207
2018,8,"Nou Barris",53,"la Trinitat Nova","Home","No consta",89
2018,8,"Nou Barris",54,"Torre Baró","Home","No consta",54
2018,8,"Nou Barris",55,"Ciutat Meridiana","Home","No consta",108
2018,8,"Nou Barris",56,"Vallbona","Home","No consta",12
2018,9,"Sant Andreu",57,"la Trinitat Vella","Home","No consta",98
2018,9,"Sant Andreu",58,"Baró de Viver","Home","No consta",30
2018,9,"Sant Andreu",59,"el Bon Pastor","Home","No consta",120
2018,9,"Sant Andreu",60,"Sant Andreu","Home","No consta",372
2018,9,"Sant Andreu",61,"la Sagrera","Home","No consta",182
2018,9,"Sant Andreu",62,"el Congrés i els Indians","Home","No consta",110
2018,9,"Sant Andreu",63,"Navas","Home","No consta",160
2018,10,"Sant Martí",64,"el Camp de l'Arpa del Clot","Home","No consta",227
2018,10,"Sant Martí",65,"el Clot","Home","No consta",205
2018,10,"Sant Martí",66,"el Parc i la Llacuna del Poblenou","Home","No consta",83
2018,10,"Sant Martí",67,"la Vila Olímpica del Poblenou","Home","No consta",92
2018,10,"Sant Martí",68,"el Poblenou","Home","No consta",261
2018,10,"Sant Martí",69,"Diagonal Mar i el Front Marítim del Poblenou","Home","No consta",105
2018,10,"Sant Martí",70,"el Besòs i el Maresme","Home","No consta",224
2018,10,"Sant Martí",71,"Provençals del Poblenou","Home","No consta",141
2018,10,"Sant Martí",72,"Sant Martí de Provençals","Home","No consta",219
2018,10,"Sant Martí",73,"la Verneda i la Pau","Home","No consta",284
2018,1,"Ciutat Vella",1,"el Raval","Dona","Sense estudis",565
2018,1,"Ciutat Vella",2,"el Barri Gòtic","Dona","Sense estudis",185
2018,1,"Ciutat Vella",3,"la Barceloneta","Dona","Sense estudis",353
2018,1,"Ciutat Vella",4,"Sant Pere, Santa Caterina i la Ribera","Dona","Sense estudis",292
2018,2,"Eixample",5,"el Fort Pienc","Dona","Sense estudis",332
2018,2,"Eixample",6,"la Sagrada Família","Dona","Sense estudis",670
2018,2,"Eixample",7,"la Dreta de l'Eixample","Dona","Sense estudis",310
2018,2,"Eixample",8,"l'Antiga Esquerra de l'Eixample","Dona","Sense estudis",345
2018,2,"Eixample",9,"la Nova Esquerra de l'Eixample","Dona","Sense estudis",540
2018,2,"Eixample",10,"Sant Antoni","Dona","Sense estudis",532
2018,3,"Sants-Montjuïc",11,"el Poble Sec","Dona","Sense estudis",689
2018,3,"Sants-Montjuïc",12,"la Marina del Prat Vermell","Dona","Sense estudis",37
2018,3,"Sants-Montjuïc",13,"la Marina de Port","Dona","Sense estudis",641
2018,3,"Sants-Montjuïc",14,"la Font de la Guatlla","Dona","Sense estudis",190
2018,3,"Sants-Montjuïc",15,"Hostafrancs","Dona","Sense estudis",227
2018,3,"Sants-Montjuïc",16,"la Bordeta","Dona","Sense estudis",345
2018,3,"Sants-Montjuïc",17,"Sants - Badal","Dona","Sense estudis",470
2018,3,"Sants-Montjuïc",18,"Sants","Dona","Sense estudis",658
2018,4,"Les Corts",19,"les Corts","Dona","Sense estudis",445
2018,4,"Les Corts",20,"la Maternitat i Sant Ramon","Dona","Sense estudis",345
2018,4,"Les Corts",21,"Pedralbes","Dona","Sense estudis",30
2018,5,"Sarrià-Sant Gervasi",22,"Vallvidrera, el Tibidabo i les Planes","Dona","Sense estudis",42
2018,5,"Sarrià-Sant Gervasi",23,"Sarrià","Dona","Sense estudis",141
2018,5,"Sarrià-Sant Gervasi",24,"les Tres Torres","Dona","Sense estudis",40
2018,5,"Sarrià-Sant Gervasi",25,"Sant Gervasi - la Bonanova","Dona","Sense estudis",128
2018,5,"Sarrià-Sant Gervasi",26,"Sant Gervasi - Galvany","Dona","Sense estudis",176
2018,5,"Sarrià-Sant Gervasi",27,"el Putxet i el Farró","Dona","Sense estudis",146
2018,6,"Gràcia",28,"Vallcarca i els Penitents","Dona","Sense estudis",184
2018,6,"Gràcia",29,"el Coll","Dona","Sense estudis",121
2018,6,"Gràcia",30,"la Salut","Dona","Sense estudis",139
2018,6,"Gràcia",31,"la Vila de Gràcia","Dona","Sense estudis",610
2018,6,"Gràcia",32,"el Camp d'en Grassot i Gràcia Nova","Dona","Sense estudis",380
2018,7,"Horta-Guinardó",33,"el Baix Guinardó","Dona","Sense estudis",474
2018,7,"Horta-Guinardó",34,"Can Baró","Dona","Sense estudis",209
2018,7,"Horta-Guinardó",35,"el Guinardó","Dona","Sense estudis",544
2018,7,"Horta-Guinardó",36,"la Font d'en Fargues","Dona","Sense estudis",114
2018,7,"Horta-Guinardó",37,"el Carmel","Dona","Sense estudis",962
2018,7,"Horta-Guinardó",38,"la Teixonera","Dona","Sense estudis",294
2018,7,"Horta-Guinardó",39,"Sant Genís dels Agudells","Dona","Sense estudis",219
2018,7,"Horta-Guinardó",40,"Montbau","Dona","Sense estudis",202
2018,7,"Horta-Guinardó",41,"la Vall d'Hebron","Dona","Sense estudis",92
2018,7,"Horta-Guinardó",42,"la Clota","Dona","Sense estudis",12
2018,7,"Horta-Guinardó",43,"Horta","Dona","Sense estudis",632
2018,8,"Nou Barris",44,"Vilapicina i la Torre Llobeta","Dona","Sense estudis",576
2018,8,"Nou Barris",45,"Porta","Dona","Sense estudis",699
2018,8,"Nou Barris",46,"el Turó de la Peira","Dona","Sense estudis",547
2018,8,"Nou Barris",47,"Can Peguera","Dona","Sense estudis",73
2018,8,"Nou Barris",48,"la Guineueta","Dona","Sense estudis",414
2018,8,"Nou Barris",49,"Canyelles","Dona","Sense estudis",195
2018,8,"Nou Barris",50,"les Roquetes","Dona","Sense estudis",446
2018,8,"Nou Barris",51,"Verdun","Dona","Sense estudis",382
2018,8,"Nou Barris",52,"la Prosperitat","Dona","Sense estudis",892
2018,8,"Nou Barris",53,"la Trinitat Nova","Dona","Sense estudis",290
2018,8,"Nou Barris",54,"Torre Baró","Dona","Sense estudis",58
2018,8,"Nou Barris",55,"Ciutat Meridiana","Dona","Sense estudis",208
2018,8,"Nou Barris",56,"Vallbona","Dona","Sense estudis",41
2018,9,"Sant Andreu",57,"la Trinitat Vella","Dona","Sense estudis",204
2018,9,"Sant Andreu",58,"Baró de Viver","Dona","Sense estudis",68
2018,9,"Sant Andreu",59,"el Bon Pastor","Dona","Sense estudis",241
2018,9,"Sant Andreu",60,"Sant Andreu","Dona","Sense estudis",861
2018,9,"Sant Andreu",61,"la Sagrera","Dona","Sense estudis",494
2018,9,"Sant Andreu",62,"el Congrés i els Indians","Dona","Sense estudis",311
2018,9,"Sant Andreu",63,"Navas","Dona","Sense estudis",349
2018,10,"Sant Martí",64,"el Camp de l'Arpa del Clot","Dona","Sense estudis",576
2018,10,"Sant Martí",65,"el Clot","Dona","Sense estudis",382
2018,10,"Sant Martí",66,"el Parc i la Llacuna del Poblenou","Dona","Sense estudis",210
2018,10,"Sant Martí",67,"la Vila Olímpica del Poblenou","Dona","Sense estudis",44
2018,10,"Sant Martí",68,"el Poblenou","Dona","Sense estudis",487
2018,10,"Sant Martí",69,"Diagonal Mar i el Front Marítim del Poblenou","Dona","Sense estudis",154
2018,10,"Sant Martí",70,"el Besòs i el Maresme","Dona","Sense estudis",689
2018,10,"Sant Martí",71,"Provençals del Poblenou","Dona","Sense estudis",358
2018,10,"Sant Martí",72,"Sant Martí de Provençals","Dona","Sense estudis",603
2018,10,"Sant Martí",73,"la Verneda i la Pau","Dona","Sense estudis",788
2018,1,"Ciutat Vella",1,"el Raval","Dona","Estudis primaris / certificat d'escolaritat / EGB",4978
2018,1,"Ciutat Vella",2,"el Barri Gòtic","Dona","Estudis primaris / certificat d'escolaritat / EGB",1085
2018,1,"Ciutat Vella",3,"la Barceloneta","Dona","Estudis primaris / certificat d'escolaritat / EGB",1469
2018,1,"Ciutat Vella",4,"Sant Pere, Santa Caterina i la Ribera","Dona","Estudis primaris / certificat d'escolaritat / EGB",1685
2018,2,"Eixample",5,"el Fort Pienc","Dona","Estudis primaris / certificat d'escolaritat / EGB",2121
2018,2,"Eixample",6,"la Sagrada Família","Dona","Estudis primaris / certificat d'escolaritat / EGB",4006
2018,2,"Eixample",7,"la Dreta de l'Eixample","Dona","Estudis primaris / certificat d'escolaritat / EGB",1942
2018,2,"Eixample",8,"l'Antiga Esquerra de l'Eixample","Dona","Estudis primaris / certificat d'escolaritat / EGB",2144
2018,2,"Eixample",9,"la Nova Esquerra de l'Eixample","Dona","Estudis primaris / certificat d'escolaritat / EGB",3750
2018,2,"Eixample",10,"Sant Antoni","Dona","Estudis primaris / certificat d'escolaritat / EGB",3044
2018,3,"Sants-Montjuïc",11,"el Poble Sec","Dona","Estudis primaris / certificat d'escolaritat / EGB",4189
2018,3,"Sants-Montjuïc",12,"la Marina del Prat Vermell","Dona","Estudis primaris / certificat d'escolaritat / EGB",205
2018,3,"Sants-Montjuïc",13,"la Marina de Port","Dona","Estudis primaris / certificat d'escolaritat / EGB",4071
2018,3,"Sants-Montjuïc",14,"la Font de la Guatlla","Dona","Estudis primaris / certificat d'escolaritat / EGB",953
2018,3,"Sants-Montjuïc",15,"Hostafrancs","Dona","Estudis primaris / certificat d'escolaritat / EGB",1495
2018,3,"Sants-Montjuïc",16,"la Bordeta","Dona","Estudis primaris / certificat d'escolaritat / EGB",2000
2018,3,"Sants-Montjuïc",17,"Sants - Badal","Dona","Estudis primaris / certificat d'escolaritat / EGB",2632
2018,3,"Sants-Montjuïc",18,"Sants","Dona","Estudis primaris / certificat d'escolaritat / EGB",3519
2018,4,"Les Corts",19,"les Corts","Dona","Estudis primaris / certificat d'escolaritat / EGB",2705
2018,4,"Les Corts",20,"la Maternitat i Sant Ramon","Dona","Estudis primaris / certificat d'escolaritat / EGB",1762
2018,4,"Les Corts",21,"Pedralbes","Dona","Estudis primaris / certificat d'escolaritat / EGB",401
2018,5,"Sarrià-Sant Gervasi",22,"Vallvidrera, el Tibidabo i les Planes","Dona","Estudis primaris / certificat d'escolaritat / EGB",185
2018,5,"Sarrià-Sant Gervasi",23,"Sarrià","Dona","Estudis primaris / certificat d'escolaritat / EGB",948
2018,5,"Sarrià-Sant Gervasi",24,"les Tres Torres","Dona","Estudis primaris / certificat d'escolaritat / EGB",432
2018,5,"Sarrià-Sant Gervasi",25,"Sant Gervasi - la Bonanova","Dona","Estudis primaris / certificat d'escolaritat / EGB",788
2018,5,"Sarrià-Sant Gervasi",26,"Sant Gervasi - Galvany","Dona","Estudis primaris / certificat d'escolaritat / EGB",1517
2018,5,"Sarrià-Sant Gervasi",27,"el Putxet i el Farró","Dona","Estudis primaris / certificat d'escolaritat / EGB",993
2018,6,"Gràcia",28,"Vallcarca i els Penitents","Dona","Estudis primaris / certificat d'escolaritat / EGB",909
2018,6,"Gràcia",29,"el Coll","Dona","Estudis primaris / certificat d'escolaritat / EGB",599
2018,6,"Gràcia",30,"la Salut","Dona","Estudis primaris / certificat d'escolaritat / EGB",804
2018,6,"Gràcia",31,"la Vila de Gràcia","Dona","Estudis primaris / certificat d'escolaritat / EGB",3153
2018,6,"Gràcia",32,"el Camp d'en Grassot i Gràcia Nova","Dona","Estudis primaris / certificat d'escolaritat / EGB",2226
2018,7,"Horta-Guinardó",33,"el Baix Guinardó","Dona","Estudis primaris / certificat d'escolaritat / EGB",2122
2018,7,"Horta-Guinardó",34,"Can Baró","Dona","Estudis primaris / certificat d'escolaritat / EGB",801
2018,7,"Horta-Guinardó",35,"el Guinardó","Dona","Estudis primaris / certificat d'escolaritat / EGB",2934
2018,7,"Horta-Guinardó",36,"la Font d'en Fargues","Dona","Estudis primaris / certificat d'escolaritat / EGB",694
2018,7,"Horta-Guinardó",37,"el Carmel","Dona","Estudis primaris / certificat d'escolaritat / EGB",3946
2018,7,"Horta-Guinardó",38,"la Teixonera","Dona","Estudis primaris / certificat d'escolaritat / EGB",1314
2018,7,"Horta-Guinardó",39,"Sant Genís dels Agudells","Dona","Estudis primaris / certificat d'escolaritat / EGB",745
2018,7,"Horta-Guinardó",40,"Montbau","Dona","Estudis primaris / certificat d'escolaritat / EGB",524
2018,7,"Horta-Guinardó",41,"la Vall d'Hebron","Dona","Estudis primaris / certificat d'escolaritat / EGB",499
2018,7,"Horta-Guinardó",42,"la Clota","Dona","Estudis primaris / certificat d'escolaritat / EGB",37
2018,7,"Horta-Guinardó",43,"Horta","Dona","Estudis primaris / certificat d'escolaritat / EGB",2775
2018,8,"Nou Barris",44,"Vilapicina i la Torre Llobeta","Dona","Estudis primaris / certificat d'escolaritat / EGB",2703
2018,8,"Nou Barris",45,"Porta","Dona","Estudis primaris / certificat d'escolaritat / EGB",3157
2018,8,"Nou Barris",46,"el Turó de la Peira","Dona","Estudis primaris / certificat d'escolaritat / EGB",1983
2018,8,"Nou Barris",47,"Can Peguera","Dona","Estudis primaris / certificat d'escolaritat / EGB",343
2018,8,"Nou Barris",48,"la Guineueta","Dona","Estudis primaris / certificat d'escolaritat / EGB",1826
2018,8,"Nou Barris",49,"Canyelles","Dona","Estudis primaris / certificat d'escolaritat / EGB",993
2018,8,"Nou Barris",50,"les Roquetes","Dona","Estudis primaris / certificat d'escolaritat / EGB",2231
2018,8,"Nou Barris",51,"Verdun","Dona","Estudis primaris / certificat d'escolaritat / EGB",1707
2018,8,"Nou Barris",52,"la Prosperitat","Dona","Estudis primaris / certificat d'escolaritat / EGB",3483
2018,8,"Nou Barris",53,"la Trinitat Nova","Dona","Estudis primaris / certificat d'escolaritat / EGB",1029
2018,8,"Nou Barris",54,"Torre Baró","Dona","Estudis primaris / certificat d'escolaritat / EGB",425
2018,8,"Nou Barris",55,"Ciutat Meridiana","Dona","Estudis primaris / certificat d'escolaritat / EGB",1690
2018,8,"Nou Barris",56,"Vallbona","Dona","Estudis primaris / certificat d'escolaritat / EGB",195
2018,9,"Sant Andreu",57,"la Trinitat Vella","Dona","Estudis primaris / certificat d'escolaritat / EGB",1353
2018,9,"Sant Andreu",58,"Baró de Viver","Dona","Estudis primaris / certificat d'escolaritat / EGB",382
2018,9,"Sant Andreu",59,"el Bon Pastor","Dona","Estudis primaris / certificat d'escolaritat / EGB",1547
2018,9,"Sant Andreu",60,"Sant Andreu","Dona","Estudis primaris / certificat d'escolaritat / EGB",5327
2018,9,"Sant Andreu",61,"la Sagrera","Dona","Estudis primaris / certificat d'escolaritat / EGB",2863
2018,9,"Sant Andreu",62,"el Congrés i els Indians","Dona","Estudis primaris / certificat d'escolaritat / EGB",1286
2018,9,"Sant Andreu",63,"Navas","Dona","Estudis primaris / certificat d'escolaritat / EGB",2121
2018,10,"Sant Martí",64,"el Camp de l'Arpa del Clot","Dona","Estudis primaris / certificat d'escolaritat / EGB",3339
2018,10,"Sant Martí",65,"el Clot","Dona","Estudis primaris / certificat d'escolaritat / EGB",2342
2018,10,"Sant Martí",66,"el Parc i la Llacuna del Poblenou","Dona","Estudis primaris / certificat d'escolaritat / EGB",1168
2018,10,"Sant Martí",67,"la Vila Olímpica del Poblenou","Dona","Estudis primaris / certificat d'escolaritat / EGB",262
2018,10,"Sant Martí",68,"el Poblenou","Dona","Estudis primaris / certificat d'escolaritat / EGB",2506
2018,10,"Sant Martí",69,"Diagonal Mar i el Front Marítim del Poblenou","Dona","Estudis primaris / certificat d'escolaritat / EGB",809
2018,10,"Sant Martí",70,"el Besòs i el Maresme","Dona","Estudis primaris / certificat d'escolaritat / EGB",2938
2018,10,"Sant Martí",71,"Provençals del Poblenou","Dona","Estudis primaris / certificat d'escolaritat / EGB",1922
2018,10,"Sant Martí",72,"Sant Martí de Provençals","Dona","Estudis primaris / certificat d'escolaritat / EGB",3055
2018,10,"Sant Martí",73,"la Verneda i la Pau","Dona","Estudis primaris / certificat d'escolaritat / EGB",3747
2018,1,"Ciutat Vella",1,"el Raval","Dona","Batxillerat elemental / graduat escolar / ESO / FPI",4223
2018,1,"Ciutat Vella",2,"el Barri Gòtic","Dona","Batxillerat elemental / graduat escolar / ESO / FPI",1155
2018,1,"Ciutat Vella",3,"la Barceloneta","Dona","Batxillerat elemental / graduat escolar / ESO / FPI",1510
2018,1,"Ciutat Vella",4,"Sant Pere, Santa Caterina i la Ribera","Dona","Batxillerat elemental / graduat escolar / ESO / FPI",1601
2018,2,"Eixample",5,"el Fort Pienc","Dona","Batxillerat elemental / graduat escolar / ESO / FPI",2745
2018,2,"Eixample",6,"la Sagrada Família","Dona","Batxillerat elemental / graduat escolar / ESO / FPI",4905
2018,2,"Eixample",7,"la Dreta de l'Eixample","Dona","Batxillerat elemental / graduat escolar / ESO / FPI",2759
2018,2,"Eixample",8,"l'Antiga Esquerra de l'Eixample","Dona","Batxillerat elemental / graduat escolar / ESO / FPI",3039
2018,2,"Eixample",9,"la Nova Esquerra de l'Eixample","Dona","Batxillerat elemental / graduat escolar / ESO / FPI",4788
2018,2,"Eixample",10,"Sant Antoni","Dona","Batxillerat elemental / graduat escolar / ESO / FPI",3511
2018,3,"Sants-Montjuïc",11,"el Poble Sec","Dona","Batxillerat elemental / graduat escolar / ESO / FPI",3855
2018,3,"Sants-Montjuïc",12,"la Marina del Prat Vermell","Dona","Batxillerat elemental / graduat escolar / ESO / FPI",144
2018,3,"Sants-Montjuïc",13,"la Marina de Port","Dona","Batxillerat elemental / graduat escolar / ESO / FPI",3587
2018,3,"Sants-Montjuïc",14,"la Font de la Guatlla","Dona","Batxillerat elemental / graduat escolar / ESO / FPI",1058
2018,3,"Sants-Montjuïc",15,"Hostafrancs","Dona","Batxillerat elemental / graduat escolar / ESO / FPI",1562
2018,3,"Sants-Montjuïc",16,"la Bordeta","Dona","Batxillerat elemental / graduat escolar / ESO / FPI",2054
2018,3,"Sants-Montjuïc",17,"Sants - Badal","Dona","Batxillerat elemental / graduat escolar / ESO / FPI",2628
2018,3,"Sants-Montjuïc",18,"Sants","Dona","Batxillerat elemental / graduat escolar / ESO / FPI",3946
2018,4,"Les Corts",19,"les Corts","Dona","Batxillerat elemental / graduat escolar / ESO / FPI",3678
2018,4,"Les Corts",20,"la Maternitat i Sant Ramon","Dona","Batxillerat elemental / graduat escolar / ESO / FPI",1982
2018,4,"Les Corts",21,"Pedralbes","Dona","Batxillerat elemental / graduat escolar / ESO / FPI",713
2018,5,"Sarrià-Sant Gervasi",22,"Vallvidrera, el Tibidabo i les Planes","Dona","Batxillerat elemental / graduat escolar / ESO / FPI",280
2018,5,"Sarrià-Sant Gervasi",23,"Sarrià","Dona","Batxillerat elemental / graduat escolar / ESO / FPI",1443
2018,5,"Sarrià-Sant Gervasi",24,"les Tres Torres","Dona","Batxillerat elemental / graduat escolar / ESO / FPI",827
2018,5,"Sarrià-Sant Gervasi",25,"Sant Gervasi - la Bonanova","Dona","Batxillerat elemental / graduat escolar / ESO / FPI",1514
2018,5,"Sarrià-Sant Gervasi",26,"Sant Gervasi - Galvany","Dona","Batxillerat elemental / graduat escolar / ESO / FPI",2786
2018,5,"Sarrià-Sant Gervasi",27,"el Putxet i el Farró","Dona","Batxillerat elemental / graduat escolar / ESO / FPI",1918
2018,6,"Gràcia",28,"Vallcarca i els Penitents","Dona","Batxillerat elemental / graduat escolar / ESO / FPI",1294
2018,6,"Gràcia",29,"el Coll","Dona","Batxillerat elemental / graduat escolar / ESO / FPI",726
2018,6,"Gràcia",30,"la Salut","Dona","Batxillerat elemental / graduat escolar / ESO / FPI",1111
2018,6,"Gràcia",31,"la Vila de Gràcia","Dona","Batxillerat elemental / graduat escolar / ESO / FPI",3606
2018,6,"Gràcia",32,"el Camp d'en Grassot i Gràcia Nova","Dona","Batxillerat elemental / graduat escolar / ESO / FPI",2919
2018,7,"Horta-Guinardó",33,"el Baix Guinardó","Dona","Batxillerat elemental / graduat escolar / ESO / FPI",2608
2018,7,"Horta-Guinardó",34,"Can Baró","Dona","Batxillerat elemental / graduat escolar / ESO / FPI",949
2018,7,"Horta-Guinardó",35,"el Guinardó","Dona","Batxillerat elemental / graduat escolar / ESO / FPI",3807
2018,7,"Horta-Guinardó",36,"la Font d'en Fargues","Dona","Batxillerat elemental / graduat escolar / ESO / FPI",946
2018,7,"Horta-Guinardó",37,"el Carmel","Dona","Batxillerat elemental / graduat escolar / ESO / FPI",4228
2018,7,"Horta-Guinardó",38,"la Teixonera","Dona","Batxillerat elemental / graduat escolar / ESO / FPI",1387
2018,7,"Horta-Guinardó",39,"Sant Genís dels Agudells","Dona","Batxillerat elemental / graduat escolar / ESO / FPI",820
2018,7,"Horta-Guinardó",40,"Montbau","Dona","Batxillerat elemental / graduat escolar / ESO / FPI",556
2018,7,"Horta-Guinardó",41,"la Vall d'Hebron","Dona","Batxillerat elemental / graduat escolar / ESO / FPI",561
2018,7,"Horta-Guinardó",42,"la Clota","Dona","Batxillerat elemental / graduat escolar / ESO / FPI",67
2018,7,"Horta-Guinardó",43,"Horta","Dona","Batxillerat elemental / graduat escolar / ESO / FPI",2808
2018,8,"Nou Barris",44,"Vilapicina i la Torre Llobeta","Dona","Batxillerat elemental / graduat escolar / ESO / FPI",3042
2018,8,"Nou Barris",45,"Porta","Dona","Batxillerat elemental / graduat escolar / ESO / FPI",3015
2018,8,"Nou Barris",46,"el Turó de la Peira","Dona","Batxillerat elemental / graduat escolar / ESO / FPI",1939
2018,8,"Nou Barris",47,"Can Peguera","Dona","Batxillerat elemental / graduat escolar / ESO / FPI",302
2018,8,"Nou Barris",48,"la Guineueta","Dona","Batxillerat elemental / graduat escolar / ESO / FPI",1874
2018,8,"Nou Barris",49,"Canyelles","Dona","Batxillerat elemental / graduat escolar / ESO / FPI",983
2018,8,"Nou Barris",50,"les Roquetes","Dona","Batxillerat elemental / graduat escolar / ESO / FPI",2169
2018,8,"Nou Barris",51,"Verdun","Dona","Batxillerat elemental / graduat escolar / ESO / FPI",1695
2018,8,"Nou Barris",52,"la Prosperitat","Dona","Batxillerat elemental / graduat escolar / ESO / FPI",3550
2018,8,"Nou Barris",53,"la Trinitat Nova","Dona","Batxillerat elemental / graduat escolar / ESO / FPI",1068
2018,8,"Nou Barris",54,"Torre Baró","Dona","Batxillerat elemental / graduat escolar / ESO / FPI",355
2018,8,"Nou Barris",55,"Ciutat Meridiana","Dona","Batxillerat elemental / graduat escolar / ESO / FPI",1431
2018,8,"Nou Barris",56,"Vallbona","Dona","Batxillerat elemental / graduat escolar / ESO / FPI",172
2018,9,"Sant Andreu",57,"la Trinitat Vella","Dona","Batxillerat elemental / graduat escolar / ESO / FPI",1203
2018,9,"Sant Andreu",58,"Baró de Viver","Dona","Batxillerat elemental / graduat escolar / ESO / FPI",364
2018,9,"Sant Andreu",59,"el Bon Pastor","Dona","Batxillerat elemental / graduat escolar / ESO / FPI",1555
2018,9,"Sant Andreu",60,"Sant Andreu","Dona","Batxillerat elemental / graduat escolar / ESO / FPI",6341
2018,9,"Sant Andreu",61,"la Sagrera","Dona","Batxillerat elemental / graduat escolar / ESO / FPI",3404
2018,9,"Sant Andreu",62,"el Congrés i els Indians","Dona","Batxillerat elemental / graduat escolar / ESO / FPI",1572
2018,9,"Sant Andreu",63,"Navas","Dona","Batxillerat elemental / graduat escolar / ESO / FPI",2487
2018,10,"Sant Martí",64,"el Camp de l'Arpa del Clot","Dona","Batxillerat elemental / graduat escolar / ESO / FPI",3998
2018,10,"Sant Martí",65,"el Clot","Dona","Batxillerat elemental / graduat escolar / ESO / FPI",2955
2018,10,"Sant Martí",66,"el Parc i la Llacuna del Poblenou","Dona","Batxillerat elemental / graduat escolar / ESO / FPI",1352
2018,10,"Sant Martí",67,"la Vila Olímpica del Poblenou","Dona","Batxillerat elemental / graduat escolar / ESO / FPI",570
2018,10,"Sant Martí",68,"el Poblenou","Dona","Batxillerat elemental / graduat escolar / ESO / FPI",2961
2018,10,"Sant Martí",69,"Diagonal Mar i el Front Marítim del Poblenou","Dona","Batxillerat elemental / graduat escolar / ESO / FPI",971
2018,10,"Sant Martí",70,"el Besòs i el Maresme","Dona","Batxillerat elemental / graduat escolar / ESO / FPI",2885
2018,10,"Sant Martí",71,"Provençals del Poblenou","Dona","Batxillerat elemental / graduat escolar / ESO / FPI",2256
2018,10,"Sant Martí",72,"Sant Martí de Provençals","Dona","Batxillerat elemental / graduat escolar / ESO / FPI",3168
2018,10,"Sant Martí",73,"la Verneda i la Pau","Dona","Batxillerat elemental / graduat escolar / ESO / FPI",3718
2018,1,"Ciutat Vella",1,"el Raval","Dona","Batxillerat superior / BUP / COU / FPII / CFGM grau mitjà",3462
2018,1,"Ciutat Vella",2,"el Barri Gòtic","Dona","Batxillerat superior / BUP / COU / FPII / CFGM grau mitjà",1614
2018,1,"Ciutat Vella",3,"la Barceloneta","Dona","Batxillerat superior / BUP / COU / FPII / CFGM grau mitjà",1339
2018,1,"Ciutat Vella",4,"Sant Pere, Santa Caterina i la Ribera","Dona","Batxillerat superior / BUP / COU / FPII / CFGM grau mitjà",2127
2018,2,"Eixample",5,"el Fort Pienc","Dona","Batxillerat superior / BUP / COU / FPII / CFGM grau mitjà",3685
2018,2,"Eixample",6,"la Sagrada Família","Dona","Batxillerat superior / BUP / COU / FPII / CFGM grau mitjà",5928
2018,2,"Eixample",7,"la Dreta de l'Eixample","Dona","Batxillerat superior / BUP / COU / FPII / CFGM grau mitjà",5085
2018,2,"Eixample",8,"l'Antiga Esquerra de l'Eixample","Dona","Batxillerat superior / BUP / COU / FPII / CFGM grau mitjà",5033
2018,2,"Eixample",9,"la Nova Esquerra de l'Eixample","Dona","Batxillerat superior / BUP / COU / FPII / CFGM grau mitjà",6842
2018,2,"Eixample",10,"Sant Antoni","Dona","Batxillerat superior / BUP / COU / FPII / CFGM grau mitjà",4198
2018,3,"Sants-Montjuïc",11,"el Poble Sec","Dona","Batxillerat superior / BUP / COU / FPII / CFGM grau mitjà",3719
2018,3,"Sants-Montjuïc",12,"la Marina del Prat Vermell","Dona","Batxillerat superior / BUP / COU / FPII / CFGM grau mitjà",56
2018,3,"Sants-Montjuïc",13,"la Marina de Port","Dona","Batxillerat superior / BUP / COU / FPII / CFGM grau mitjà",2979
2018,3,"Sants-Montjuïc",14,"la Font de la Guatlla","Dona","Batxillerat superior / BUP / COU / FPII / CFGM grau mitjà",1105
2018,3,"Sants-Montjuïc",15,"Hostafrancs","Dona","Batxillerat superior / BUP / COU / FPII / CFGM grau mitjà",1624
2018,3,"Sants-Montjuïc",16,"la Bordeta","Dona","Batxillerat superior / BUP / COU / FPII / CFGM grau mitjà",2049
2018,3,"Sants-Montjuïc",17,"Sants - Badal","Dona","Batxillerat superior / BUP / COU / FPII / CFGM grau mitjà",2515
2018,3,"Sants-Montjuïc",18,"Sants","Dona","Batxillerat superior / BUP / COU / FPII / CFGM grau mitjà",4409
2018,4,"Les Corts",19,"les Corts","Dona","Batxillerat superior / BUP / COU / FPII / CFGM grau mitjà",5657
2018,4,"Les Corts",20,"la Maternitat i Sant Ramon","Dona","Batxillerat superior / BUP / COU / FPII / CFGM grau mitjà",2842
2018,4,"Les Corts",21,"Pedralbes","Dona","Batxillerat superior / BUP / COU / FPII / CFGM grau mitjà",1546
2018,5,"Sarrià-Sant Gervasi",22,"Vallvidrera, el Tibidabo i les Planes","Dona","Batxillerat superior / BUP / COU / FPII / CFGM grau mitjà",535
2018,5,"Sarrià-Sant Gervasi",23,"Sarrià","Dona","Batxillerat superior / BUP / COU / FPII / CFGM grau mitjà",2915
2018,5,"Sarrià-Sant Gervasi",24,"les Tres Torres","Dona","Batxillerat superior / BUP / COU / FPII / CFGM grau mitjà",2303
2018,5,"Sarrià-Sant Gervasi",25,"Sant Gervasi - la Bonanova","Dona","Batxillerat superior / BUP / COU / FPII / CFGM grau mitjà",3493
2018,5,"Sarrià-Sant Gervasi",26,"Sant Gervasi - Galvany","Dona","Batxillerat superior / BUP / COU / FPII / CFGM grau mitjà",6745
2018,5,"Sarrià-Sant Gervasi",27,"el Putxet i el Farró","Dona","Batxillerat superior / BUP / COU / FPII / CFGM grau mitjà",3938
2018,6,"Gràcia",28,"Vallcarca i els Penitents","Dona","Batxillerat superior / BUP / COU / FPII / CFGM grau mitjà",1878
2018,6,"Gràcia",29,"el Coll","Dona","Batxillerat superior / BUP / COU / FPII / CFGM grau mitjà",902
2018,6,"Gràcia",30,"la Salut","Dona","Batxillerat superior / BUP / COU / FPII / CFGM grau mitjà",1585
2018,6,"Gràcia",31,"la Vila de Gràcia","Dona","Batxillerat superior / BUP / COU / FPII / CFGM grau mitjà",5418
2018,6,"Gràcia",32,"el Camp d'en Grassot i Gràcia Nova","Dona","Batxillerat superior / BUP / COU / FPII / CFGM grau mitjà",4122
2018,7,"Horta-Guinardó",33,"el Baix Guinardó","Dona","Batxillerat superior / BUP / COU / FPII / CFGM grau mitjà",3097
2018,7,"Horta-Guinardó",34,"Can Baró","Dona","Batxillerat superior / BUP / COU / FPII / CFGM grau mitjà",966
2018,7,"Horta-Guinardó",35,"el Guinardó","Dona","Batxillerat superior / BUP / COU / FPII / CFGM grau mitjà",4396
2018,7,"Horta-Guinardó",36,"la Font d'en Fargues","Dona","Batxillerat superior / BUP / COU / FPII / CFGM grau mitjà",1052
2018,7,"Horta-Guinardó",37,"el Carmel","Dona","Batxillerat superior / BUP / COU / FPII / CFGM grau mitjà",3021
2018,7,"Horta-Guinardó",38,"la Teixonera","Dona","Batxillerat superior / BUP / COU / FPII / CFGM grau mitjà",1171
2018,7,"Horta-Guinardó",39,"Sant Genís dels Agudells","Dona","Batxillerat superior / BUP / COU / FPII / CFGM grau mitjà",796
2018,7,"Horta-Guinardó",40,"Montbau","Dona","Batxillerat superior / BUP / COU / FPII / CFGM grau mitjà",572
2018,7,"Horta-Guinardó",41,"la Vall d'Hebron","Dona","Batxillerat superior / BUP / COU / FPII / CFGM grau mitjà",622
2018,7,"Horta-Guinardó",42,"la Clota","Dona","Batxillerat superior / BUP / COU / FPII / CFGM grau mitjà",61
2018,7,"Horta-Guinardó",43,"Horta","Dona","Batxillerat superior / BUP / COU / FPII / CFGM grau mitjà",3019
2018,8,"Nou Barris",44,"Vilapicina i la Torre Llobeta","Dona","Batxillerat superior / BUP / COU / FPII / CFGM grau mitjà",2871
2018,8,"Nou Barris",45,"Porta","Dona","Batxillerat superior / BUP / COU / FPII / CFGM grau mitjà",2697
2018,8,"Nou Barris",46,"el Turó de la Peira","Dona","Batxillerat superior / BUP / COU / FPII / CFGM grau mitjà",1585
2018,8,"Nou Barris",47,"Can Peguera","Dona","Batxillerat superior / BUP / COU / FPII / CFGM grau mitjà",186
2018,8,"Nou Barris",48,"la Guineueta","Dona","Batxillerat superior / BUP / COU / FPII / CFGM grau mitjà",1617
2018,8,"Nou Barris",49,"Canyelles","Dona","Batxillerat superior / BUP / COU / FPII / CFGM grau mitjà",554
2018,8,"Nou Barris",50,"les Roquetes","Dona","Batxillerat superior / BUP / COU / FPII / CFGM grau mitjà",1272
2018,8,"Nou Barris",51,"Verdun","Dona","Batxillerat superior / BUP / COU / FPII / CFGM grau mitjà",1194
2018,8,"Nou Barris",52,"la Prosperitat","Dona","Batxillerat superior / BUP / COU / FPII / CFGM grau mitjà",2538
2018,8,"Nou Barris",53,"la Trinitat Nova","Dona","Batxillerat superior / BUP / COU / FPII / CFGM grau mitjà",563
2018,8,"Nou Barris",54,"Torre Baró","Dona","Batxillerat superior / BUP / COU / FPII / CFGM grau mitjà",177
2018,8,"Nou Barris",55,"Ciutat Meridiana","Dona","Batxillerat superior / BUP / COU / FPII / CFGM grau mitjà",777
2018,8,"Nou Barris",56,"Vallbona","Dona","Batxillerat superior / BUP / COU / FPII / CFGM grau mitjà",77
2018,9,"Sant Andreu",57,"la Trinitat Vella","Dona","Batxillerat superior / BUP / COU / FPII / CFGM grau mitjà",713
2018,9,"Sant Andreu",58,"Baró de Viver","Dona","Batxillerat superior / BUP / COU / FPII / CFGM grau mitjà",164
2018,9,"Sant Andreu",59,"el Bon Pastor","Dona","Batxillerat superior / BUP / COU / FPII / CFGM grau mitjà",1062
2018,9,"Sant Andreu",60,"Sant Andreu","Dona","Batxillerat superior / BUP / COU / FPII / CFGM grau mitjà",6411
2018,9,"Sant Andreu",61,"la Sagrera","Dona","Batxillerat superior / BUP / COU / FPII / CFGM grau mitjà",3318
2018,9,"Sant Andreu",62,"el Congrés i els Indians","Dona","Batxillerat superior / BUP / COU / FPII / CFGM grau mitjà",1663
2018,9,"Sant Andreu",63,"Navas","Dona","Batxillerat superior / BUP / COU / FPII / CFGM grau mitjà",2573
2018,10,"Sant Martí",64,"el Camp de l'Arpa del Clot","Dona","Batxillerat superior / BUP / COU / FPII / CFGM grau mitjà",4244
2018,10,"Sant Martí",65,"el Clot","Dona","Batxillerat superior / BUP / COU / FPII / CFGM grau mitjà",2967
2018,10,"Sant Martí",66,"el Parc i la Llacuna del Poblenou","Dona","Batxillerat superior / BUP / COU / FPII / CFGM grau mitjà",1652
2018,10,"Sant Martí",67,"la Vila Olímpica del Poblenou","Dona","Batxillerat superior / BUP / COU / FPII / CFGM grau mitjà",928
2018,10,"Sant Martí",68,"el Poblenou","Dona","Batxillerat superior / BUP / COU / FPII / CFGM grau mitjà",3418
2018,10,"Sant Martí",69,"Diagonal Mar i el Front Marítim del Poblenou","Dona","Batxillerat superior / BUP / COU / FPII / CFGM grau mitjà",1279
2018,10,"Sant Martí",70,"el Besòs i el Maresme","Dona","Batxillerat superior / BUP / COU / FPII / CFGM grau mitjà",1834
2018,10,"Sant Martí",71,"Provençals del Poblenou","Dona","Batxillerat superior / BUP / COU / FPII / CFGM grau mitjà",2156
2018,10,"Sant Martí",72,"Sant Martí de Provençals","Dona","Batxillerat superior / BUP / COU / FPII / CFGM grau mitjà",2664
2018,10,"Sant Martí",73,"la Verneda i la Pau","Dona","Batxillerat superior / BUP / COU / FPII / CFGM grau mitjà",2795
2018,1,"Ciutat Vella",1,"el Raval","Dona","Estudis universitaris / CFGS grau superior",5413
2018,1,"Ciutat Vella",2,"el Barri Gòtic","Dona","Estudis universitaris / CFGS grau superior",3084
2018,1,"Ciutat Vella",3,"la Barceloneta","Dona","Estudis universitaris / CFGS grau superior",2110
2018,1,"Ciutat Vella",4,"Sant Pere, Santa Caterina i la Ribera","Dona","Estudis universitaris / CFGS grau superior",4414
2018,2,"Eixample",5,"el Fort Pienc","Dona","Estudis universitaris / CFGS grau superior",6001
2018,2,"Eixample",6,"la Sagrada Família","Dona","Estudis universitaris / CFGS grau superior",9528
2018,2,"Eixample",7,"la Dreta de l'Eixample","Dona","Estudis universitaris / CFGS grau superior",10414
2018,2,"Eixample",8,"l'Antiga Esquerra de l'Eixample","Dona","Estudis universitaris / CFGS grau superior",9623
2018,2,"Eixample",9,"la Nova Esquerra de l'Eixample","Dona","Estudis universitaris / CFGS grau superior",11799
2018,2,"Eixample",10,"Sant Antoni","Dona","Estudis universitaris / CFGS grau superior",6592
2018,3,"Sants-Montjuïc",11,"el Poble Sec","Dona","Estudis universitaris / CFGS grau superior",5296
2018,3,"Sants-Montjuïc",12,"la Marina del Prat Vermell","Dona","Estudis universitaris / CFGS grau superior",34
2018,3,"Sants-Montjuïc",13,"la Marina de Port","Dona","Estudis universitaris / CFGS grau superior",2304
2018,3,"Sants-Montjuïc",14,"la Font de la Guatlla","Dona","Estudis universitaris / CFGS grau superior",1529
2018,3,"Sants-Montjuïc",15,"Hostafrancs","Dona","Estudis universitaris / CFGS grau superior",2442
2018,3,"Sants-Montjuïc",16,"la Bordeta","Dona","Estudis universitaris / CFGS grau superior",2240
2018,3,"Sants-Montjuïc",17,"Sants - Badal","Dona","Estudis universitaris / CFGS grau superior",3093
2018,3,"Sants-Montjuïc",18,"Sants","Dona","Estudis universitaris / CFGS grau superior",6672
2018,4,"Les Corts",19,"les Corts","Dona","Estudis universitaris / CFGS grau superior",9171
2018,4,"Les Corts",20,"la Maternitat i Sant Ramon","Dona","Estudis universitaris / CFGS grau superior",4301
2018,4,"Les Corts",21,"Pedralbes","Dona","Estudis universitaris / CFGS grau superior",2544
2018,5,"Sarrià-Sant Gervasi",22,"Vallvidrera, el Tibidabo i les Planes","Dona","Estudis universitaris / CFGS grau superior",849
2018,5,"Sarrià-Sant Gervasi",23,"Sarrià","Dona","Estudis universitaris / CFGS grau superior",5397
2018,5,"Sarrià-Sant Gervasi",24,"les Tres Torres","Dona","Estudis universitaris / CFGS grau superior",3663
2018,5,"Sarrià-Sant Gervasi",25,"Sant Gervasi - la Bonanova","Dona","Estudis universitaris / CFGS grau superior",5676
2018,5,"Sarrià-Sant Gervasi",26,"Sant Gervasi - Galvany","Dona","Estudis universitaris / CFGS grau superior",10909
2018,5,"Sarrià-Sant Gervasi",27,"el Putxet i el Farró","Dona","Estudis universitaris / CFGS grau superior",6754
2018,6,"Gràcia",28,"Vallcarca i els Penitents","Dona","Estudis universitaris / CFGS grau superior",2969
2018,6,"Gràcia",29,"el Coll","Dona","Estudis universitaris / CFGS grau superior",1116
2018,6,"Gràcia",30,"la Salut","Dona","Estudis universitaris / CFGS grau superior",2599
2018,6,"Gràcia",31,"la Vila de Gràcia","Dona","Estudis universitaris / CFGS grau superior",11484
2018,6,"Gràcia",32,"el Camp d'en Grassot i Gràcia Nova","Dona","Estudis universitaris / CFGS grau superior",6920
2018,7,"Horta-Guinardó",33,"el Baix Guinardó","Dona","Estudis universitaris / CFGS grau superior",4085
2018,7,"Horta-Guinardó",34,"Can Baró","Dona","Estudis universitaris / CFGS grau superior",1247
2018,7,"Horta-Guinardó",35,"el Guinardó","Dona","Estudis universitaris / CFGS grau superior",5405
2018,7,"Horta-Guinardó",36,"la Font d'en Fargues","Dona","Estudis universitaris / CFGS grau superior",1393
2018,7,"Horta-Guinardó",37,"el Carmel","Dona","Estudis universitaris / CFGS grau superior",2172
2018,7,"Horta-Guinardó",38,"la Teixonera","Dona","Estudis universitaris / CFGS grau superior",1041
2018,7,"Horta-Guinardó",39,"Sant Genís dels Agudells","Dona","Estudis universitaris / CFGS grau superior",715
2018,7,"Horta-Guinardó",40,"Montbau","Dona","Estudis universitaris / CFGS grau superior",682
2018,7,"Horta-Guinardó",41,"la Vall d'Hebron","Dona","Estudis universitaris / CFGS grau superior",860
2018,7,"Horta-Guinardó",42,"la Clota","Dona","Estudis universitaris / CFGS grau superior",98
2018,7,"Horta-Guinardó",43,"Horta","Dona","Estudis universitaris / CFGS grau superior",3195
2018,8,"Nou Barris",44,"Vilapicina i la Torre Llobeta","Dona","Estudis universitaris / CFGS grau superior",2932
2018,8,"Nou Barris",45,"Porta","Dona","Estudis universitaris / CFGS grau superior",2281
2018,8,"Nou Barris",46,"el Turó de la Peira","Dona","Estudis universitaris / CFGS grau superior",1148
2018,8,"Nou Barris",47,"Can Peguera","Dona","Estudis universitaris / CFGS grau superior",100
2018,8,"Nou Barris",48,"la Guineueta","Dona","Estudis universitaris / CFGS grau superior",1398
2018,8,"Nou Barris",49,"Canyelles","Dona","Estudis universitaris / CFGS grau superior",454
2018,8,"Nou Barris",50,"les Roquetes","Dona","Estudis universitaris / CFGS grau superior",713
2018,8,"Nou Barris",51,"Verdun","Dona","Estudis universitaris / CFGS grau superior",770
2018,8,"Nou Barris",52,"la Prosperitat","Dona","Estudis universitaris / CFGS grau superior",1676
2018,8,"Nou Barris",53,"la Trinitat Nova","Dona","Estudis universitaris / CFGS grau superior",310
2018,8,"Nou Barris",54,"Torre Baró","Dona","Estudis universitaris / CFGS grau superior",112
2018,8,"Nou Barris",55,"Ciutat Meridiana","Dona","Estudis universitaris / CFGS grau superior",369
2018,8,"Nou Barris",56,"Vallbona","Dona","Estudis universitaris / CFGS grau superior",61
2018,9,"Sant Andreu",57,"la Trinitat Vella","Dona","Estudis universitaris / CFGS grau superior",494
2018,9,"Sant Andreu",58,"Baró de Viver","Dona","Estudis universitaris / CFGS grau superior",74
2018,9,"Sant Andreu",59,"el Bon Pastor","Dona","Estudis universitaris / CFGS grau superior",798
2018,9,"Sant Andreu",60,"Sant Andreu","Dona","Estudis universitaris / CFGS grau superior",7161
2018,9,"Sant Andreu",61,"la Sagrera","Dona","Estudis universitaris / CFGS grau superior",3503
2018,9,"Sant Andreu",62,"el Congrés i els Indians","Dona","Estudis universitaris / CFGS grau superior",1830
2018,9,"Sant Andreu",63,"Navas","Dona","Estudis universitaris / CFGS grau superior",2757
2018,10,"Sant Martí",64,"el Camp de l'Arpa del Clot","Dona","Estudis universitaris / CFGS grau superior",5834
2018,10,"Sant Martí",65,"el Clot","Dona","Estudis universitaris / CFGS grau superior",3544
2018,10,"Sant Martí",66,"el Parc i la Llacuna del Poblenou","Dona","Estudis universitaris / CFGS grau superior",2488
2018,10,"Sant Martí",67,"la Vila Olímpica del Poblenou","Dona","Estudis universitaris / CFGS grau superior",2138
2018,10,"Sant Martí",68,"el Poblenou","Dona","Estudis universitaris / CFGS grau superior",5216
2018,10,"Sant Martí",69,"Diagonal Mar i el Front Marítim del Poblenou","Dona","Estudis universitaris / CFGS grau superior",2358
2018,10,"Sant Martí",70,"el Besòs i el Maresme","Dona","Estudis universitaris / CFGS grau superior",1336
2018,10,"Sant Martí",71,"Provençals del Poblenou","Dona","Estudis universitaris / CFGS grau superior",2448
2018,10,"Sant Martí",72,"Sant Martí de Provençals","Dona","Estudis universitaris / CFGS grau superior",2535
2018,10,"Sant Martí",73,"la Verneda i la Pau","Dona","Estudis universitaris / CFGS grau superior",2054
2018,1,"Ciutat Vella",1,"el Raval","Dona","No consta",269
2018,1,"Ciutat Vella",2,"el Barri Gòtic","Dona","No consta",58
2018,1,"Ciutat Vella",3,"la Barceloneta","Dona","No consta",60
2018,1,"Ciutat Vella",4,"Sant Pere, Santa Caterina i la Ribera","Dona","No consta",100
2018,2,"Eixample",5,"el Fort Pienc","Dona","No consta",145
2018,2,"Eixample",6,"la Sagrada Família","Dona","No consta",216
2018,2,"Eixample",7,"la Dreta de l'Eixample","Dona","No consta",233
2018,2,"Eixample",8,"l'Antiga Esquerra de l'Eixample","Dona","No consta",198
2018,2,"Eixample",9,"la Nova Esquerra de l'Eixample","Dona","No consta",306
2018,2,"Eixample",10,"Sant Antoni","Dona","No consta",199
2018,3,"Sants-Montjuïc",11,"el Poble Sec","Dona","No consta",202
2018,3,"Sants-Montjuïc",12,"la Marina del Prat Vermell","Dona","No consta",9
2018,3,"Sants-Montjuïc",13,"la Marina de Port","Dona","No consta",261
2018,3,"Sants-Montjuïc",14,"la Font de la Guatlla","Dona","No consta",54
2018,3,"Sants-Montjuïc",15,"Hostafrancs","Dona","No consta",58
2018,3,"Sants-Montjuïc",16,"la Bordeta","Dona","No consta",95
2018,3,"Sants-Montjuïc",17,"Sants - Badal","Dona","No consta",134
2018,3,"Sants-Montjuïc",18,"Sants","Dona","No consta",208
2018,4,"Les Corts",19,"les Corts","Dona","No consta",226
2018,4,"Les Corts",20,"la Maternitat i Sant Ramon","Dona","No consta",135
2018,4,"Les Corts",21,"Pedralbes","Dona","No consta",136
2018,5,"Sarrià-Sant Gervasi",22,"Vallvidrera, el Tibidabo i les Planes","Dona","No consta",46
2018,5,"Sarrià-Sant Gervasi",23,"Sarrià","Dona","No consta",209
2018,5,"Sarrià-Sant Gervasi",24,"les Tres Torres","Dona","No consta",144
2018,5,"Sarrià-Sant Gervasi",25,"Sant Gervasi - la Bonanova","Dona","No consta",207
2018,5,"Sarrià-Sant Gervasi",26,"Sant Gervasi - Galvany","Dona","No consta",424
2018,5,"Sarrià-Sant Gervasi",27,"el Putxet i el Farró","Dona","No consta",201
2018,6,"Gràcia",28,"Vallcarca i els Penitents","Dona","No consta",94
2018,6,"Gràcia",29,"el Coll","Dona","No consta",37
2018,6,"Gràcia",30,"la Salut","Dona","No consta",67
2018,6,"Gràcia",31,"la Vila de Gràcia","Dona","No consta",237
2018,6,"Gràcia",32,"el Camp d'en Grassot i Gràcia Nova","Dona","No consta",140
2018,7,"Horta-Guinardó",33,"el Baix Guinardó","Dona","No consta",122
2018,7,"Horta-Guinardó",34,"Can Baró","Dona","No consta",46
2018,7,"Horta-Guinardó",35,"el Guinardó","Dona","No consta",182
2018,7,"Horta-Guinardó",36,"la Font d'en Fargues","Dona","No consta",73
2018,7,"Horta-Guinardó",37,"el Carmel","Dona","No consta",198
2018,7,"Horta-Guinardó",38,"la Teixonera","Dona","No consta",72
2018,7,"Horta-Guinardó",39,"Sant Genís dels Agudells","Dona","No consta",40
2018,7,"Horta-Guinardó",40,"Montbau","Dona","No consta",20
2018,7,"Horta-Guinardó",41,"la Vall d'Hebron","Dona","No consta",34
2018,7,"Horta-Guinardó",42,"la Clota","Dona","No consta",4
2018,7,"Horta-Guinardó",43,"Horta","Dona","No consta",145
2018,8,"Nou Barris",44,"Vilapicina i la Torre Llobeta","Dona","No consta",142
2018,8,"Nou Barris",45,"Porta","Dona","No consta",123
2018,8,"Nou Barris",46,"el Turó de la Peira","Dona","No consta",102
2018,8,"Nou Barris",47,"Can Peguera","Dona","No consta",24
2018,8,"Nou Barris",48,"la Guineueta","Dona","No consta",78
2018,8,"Nou Barris",49,"Canyelles","Dona","No consta",39
2018,8,"Nou Barris",50,"les Roquetes","Dona","No consta",111
2018,8,"Nou Barris",51,"Verdun","Dona","No consta",67
2018,8,"Nou Barris",52,"la Prosperitat","Dona","No consta",176
2018,8,"Nou Barris",53,"la Trinitat Nova","Dona","No consta",55
2018,8,"Nou Barris",54,"Torre Baró","Dona","No consta",44
2018,8,"Nou Barris",55,"Ciutat Meridiana","Dona","No consta",87
2018,8,"Nou Barris",56,"Vallbona","Dona","No consta",18
2018,9,"Sant Andreu",57,"la Trinitat Vella","Dona","No consta",71
2018,9,"Sant Andreu",58,"Baró de Viver","Dona","No consta",21
2018,9,"Sant Andreu",59,"el Bon Pastor","Dona","No consta",100
2018,9,"Sant Andreu",60,"Sant Andreu","Dona","No consta",321
2018,9,"Sant Andreu",61,"la Sagrera","Dona","No consta",129
2018,9,"Sant Andreu",62,"el Congrés i els Indians","Dona","No consta",95
2018,9,"Sant Andreu",63,"Navas","Dona","No consta",134
2018,10,"Sant Martí",64,"el Camp de l'Arpa del Clot","Dona","No consta",187
2018,10,"Sant Martí",65,"el Clot","Dona","No consta",144
2018,10,"Sant Martí",66,"el Parc i la Llacuna del Poblenou","Dona","No consta",70
2018,10,"Sant Martí",67,"la Vila Olímpica del Poblenou","Dona","No consta",73
2018,10,"Sant Martí",68,"el Poblenou","Dona","No consta",202
2018,10,"Sant Martí",69,"Diagonal Mar i el Front Marítim del Poblenou","Dona","No consta",101
2018,10,"Sant Martí",70,"el Besòs i el Maresme","Dona","No consta",179
2018,10,"Sant Martí",71,"Provençals del Poblenou","Dona","No consta",125
2018,10,"Sant Martí",72,"Sant Martí de Provençals","Dona","No consta",149
2018,10,"Sant Martí",73,"la Verneda i la Pau","Dona","No consta",204
